"H1N1","temp","prec","humi","popd","gdpd","rdds","sensepop","urbanpop","medicost","Georegion"
2.02,22.257,2169.194,28.0085,171.24,0.4074,23.33,26.8913,52.74,94.1805,"S"
2.02,22.73,2131.414,44.7943,213.1,0.7876,26.55,26.8913,52.74,94.1805,"S"
2.02,23.288,2438.123,45.8407,288.81,1.5207,38.17,26.8913,52.74,94.1805,"S"
1.45,22.914,2251.993,24.3231,719.93,1.971,53.61,23.9246,67.76,64.8081,"S"
1.45,22.566,2355.137,33.637,791.68,3.4102,57.4,23.9246,67.76,64.8081,"S"
1.09,21.169,1658.817,34.915,90.36,0.2519,17.24,28.0352,40.48,77.7068,"W"
2.04,21.252,1826.254,13.4587,98.22,0.3974,19.41,30.7623,44.81,73.333,"W"
2.04,21.749,2247.603,38.3487,198.26,0.7251,22.64,30.7623,44.81,73.333,"W"
2.04,21.784,2324.424,39.4525,283.46,1.145,19.19,30.7623,44.81,73.333,"W"
2.04,21.599,2299.249,48.8668,467.74,1.9763,27.94,30.7623,44.81,73.333,"W"
1.45,20.915,2378.544,56.3946,305.92,1.2172,33.72,23.9246,67.76,64.8081,"S"
1.45,21.905,2431.621,81.404,346.77,1.5414,50.39,23.9246,67.76,64.8081,"S"
1.45,22.363,2362.228,57.3503,1328.28,8.4831,174.15,23.9246,67.76,64.8081,"S"
1.09,19.405,1608.384,60.5367,71.95,0.2043,17.8,28.0352,40.48,77.7068,"W"
1.09,20.614,1521.527,59.4881,56.1,0.1809,13.76,28.0352,40.48,77.7068,"W"
1.09,20.427,1743.651,92.1541,43.37,0.1374,15.41,28.0352,40.48,77.7068,"W"
1.09,19.79,1672.288,110.6732,110.92,0.3659,22.65,28.0352,40.48,77.7068,"W"
1.09,19.295,1492.483,94.5542,142.17,0.4251,31.46,28.0352,40.48,77.7068,"W"
1.09,18.002,1294.389,44.0112,156.23,0.4825,30.76,28.0352,40.48,77.7068,"W"
2.04,19.466,1290.862,49.1585,129.46,0.5172,18.97,30.7623,44.81,73.333,"W"
2.04,21.006,1393.758,16.6325,135.8,0.5383,18.69,30.7623,44.81,73.333,"W"
2.04,21.427,1658.99,19.5077,450.28,1.837,44.5,30.7623,44.81,73.333,"W"
2.04,21.485,1909.821,22.3755,321.91,1.2265,27.39,30.7623,44.81,73.333,"W"
2.04,21.19,2095.11,36.477,399.46,1.4601,24.37,30.7623,44.81,73.333,"W"
2.04,21.06,2072.296,32.9084,307.27,1.1923,33.28,30.7623,44.81,73.333,"W"
1.45,21.206,2007.161,44.1092,346.09,1.3922,47.83,23.9246,67.76,64.8081,"S"
1.45,22.098,2088.561,47.3931,2786.56,10.81,316.5,23.9246,67.76,64.8081,"S"
1.45,22.286,2365.071,58.9124,1698.84,5.4729,193.45,23.9246,67.76,64.8081,"S"
1.45,22.27,2569.669,66.9162,390.72,1.1989,34.36,23.9246,67.76,64.8081,"S"
1.45,23.37,2417.355,67.1715,1428.31,6.287,76.45,23.9246,67.76,64.8081,"S"
1.09,18.596,1453.369,32.6842,87.5,0.2865,17.5,28.0352,40.48,77.7068,"W"
1.09,19.217,1217.977,40.0691,62.82,0.1422,13.88,28.0352,40.48,77.7068,"W"
1.09,19.307,1127.821,22.1862,68.51,0.2216,20.19,28.0352,40.48,77.7068,"W"
1.09,18.247,1007.08,14.196,158.33,0.4464,31.54,28.0352,40.48,77.7068,"W"
1.09,17.831,973.418,11.5926,139.42,0.3569,26.34,28.0352,40.48,77.7068,"W"
1.09,17.687,1069.233,30.4882,121.91,0.3079,16.55,28.0352,40.48,77.7068,"W"
1.09,19.065,1128.884,22.1495,83.42,0.2521,12.98,28.0352,40.48,77.7068,"W"
2.04,20.834,1213.872,21.1278,84.84,0.3371,18.37,30.7623,44.81,73.333,"W"
2.04,20.569,1355.266,25.7521,115.03,0.3866,16.55,30.7623,44.81,73.333,"W"
2.04,20.306,1491.216,31.6871,148.88,0.5711,19.31,30.7623,44.81,73.333,"W"
2.04,20.973,1627.68,23.4374,346.84,1.2867,31.87,30.7623,44.81,73.333,"W"
2.04,19.83,1920.506,58.2426,149.31,0.5189,13.36,30.7623,44.81,73.333,"W"
2.04,20.182,1994.074,47.3347,159.67,0.6428,19.15,30.7623,44.81,73.333,"W"
1.45,19.807,2051.954,61.442,177.98,0.7277,21.26,23.9246,67.76,64.8081,"S"
1.45,20.841,2076.103,78.1916,286.79,1.111,44.96,23.9246,67.76,64.8081,"S"
1.45,20.594,2196.362,79.8436,192.69,0.726,34.83,23.9246,67.76,64.8081,"S"
1.45,21.55,2213.98,64.3434,285.03,1.3658,35.83,23.9246,67.76,64.8081,"S"
1.45,22.079,2172.304,50.6171,604.72,2.1093,60.39,23.9246,67.76,64.8081,"S"
1.84,22.634,2004.213,47.7612,503.86,2.5197,48.53,25.0161,60.77,71.9886,"S"
1.09,18.36,1468.41,95.5555,120.72,0.3829,31.9,28.0352,40.48,77.7068,"W"
1.09,18.006,1195.754,56.7338,127.54,0.362,24.22,28.0352,40.48,77.7068,"W"
1.09,17.38,965.487,25.9463,104.94,0.3144,18.58,28.0352,40.48,77.7068,"W"
1.09,17.821,849.009,22.6369,79.07,0.2402,17.47,28.0352,40.48,77.7068,"W"
1.09,16.647,830.958,25.9871,558.28,1.6209,70.14,28.0352,40.48,77.7068,"W"
1.09,16.395,905.296,30.4538,236.6,0.6536,34.57,28.0352,40.48,77.7068,"W"
1.09,17.156,1102.939,73.9542,142.92,0.4648,24.03,28.0352,40.48,77.7068,"W"
2.04,18.604,1063.002,38.1554,134.92,0.3488,23.7,30.7623,44.81,73.333,"W"
2.04,19.388,1072.294,31.8079,57.69,0.1549,12.67,30.7623,44.81,73.333,"W"
2.04,19.216,1248.08,38.7282,73.22,0.2743,14.34,30.7623,44.81,73.333,"W"
2.04,19.489,1391.45,33.8445,91.44,0.366,15.63,30.7623,44.81,73.333,"W"
2.04,20.098,1597.151,48.7269,124.8,0.4407,15.56,30.7623,44.81,73.333,"W"
2.04,19.605,1847.039,59.9912,250.24,0.9968,26.81,30.7623,44.81,73.333,"W"
2.04,18.727,1937.115,49.3808,158.9,0.6115,16.77,30.7623,44.81,73.333,"W"
1.45,18.425,1964.004,59.0802,137.36,0.5904,23.88,23.9246,67.76,64.8081,"S"
1.45,19.064,1839.092,52.6534,205.82,0.7755,33.62,23.9246,67.76,64.8081,"S"
1.45,19.646,1734.498,60.9554,115.44,0.4946,23.61,23.9246,67.76,64.8081,"S"
0.77,20.254,1704.455,67.7252,172.66,0.6552,20.56,28.705,48.87,70.2393,"S"
1.84,20.893,1912.64,61.7073,152.26,0.8074,37.67,25.0161,60.77,71.9886,"S"
1.84,20.626,1955.359,56.5069,256.02,1.866,48.74,25.0161,60.77,71.9886,"S"
1.84,21.805,1640.117,40.0174,1196.09,8.7353,135.62,25.0161,60.77,71.9886,"S"
1.09,15.958,1375.013,64.747,100.56,0.3022,17.6,28.0352,40.48,77.7068,"W"
1.09,15.395,1045.526,32.6311,121.38,0.3152,23.95,28.0352,40.48,77.7068,"W"
1.09,15.782,770.863,18.585,207.31,0.6106,32.03,28.0352,40.48,77.7068,"W"
1.09,16.709,742.485,6.4283,122.2,0.367,21.68,28.0352,40.48,77.7068,"W"
1.09,16.231,784.131,16.9016,116.29,0.3027,22.22,28.0352,40.48,77.7068,"W"
1.09,15.149,877.915,27.5452,192.86,0.6481,30.82,28.0352,40.48,77.7068,"W"
1.16,14.845,1017.45,69.263,235.01,0.58,26.87,31.3683,37.83,79.1247,"W"
1.16,17.149,956.533,75.069,201.3,0.4969,32.6,31.3683,37.83,79.1247,"W"
1.16,17.519,945.522,46.9756,122.07,0.281,18.9,31.3683,37.83,79.1247,"W"
1.16,17.196,1174.913,45.4117,94.21,0.2835,16.97,31.3683,37.83,79.1247,"W"
1.16,17.392,1391.905,35.8731,79.09,0.1691,11.84,31.3683,37.83,79.1247,"W"
1.16,18.085,1509.2,52.6408,99.08,0.3223,13.16,31.3683,37.83,79.1247,"W"
2.04,17.141,1731.58,75.6758,94.96,0.343,15.88,30.7623,44.81,73.333,"W"
2.04,18.404,1664.634,59.9328,196.64,0.8431,18.62,30.7623,44.81,73.333,"W"
1.25,18.755,1534.632,51.4286,260.71,1.188,24.51,28.8397,47.96,62.0203,"S"
1.25,18.343,1474.033,60.4667,233.16,0.9617,29.92,28.8397,47.96,62.0203,"S"
0.77,18.712,1442.789,66.9281,185.1,0.8393,24.71,28.705,48.87,70.2393,"S"
0.77,20.184,1377.93,54.6523,314.76,1.1151,29.75,28.705,48.87,70.2393,"S"
1.84,19.6,1517.23,75.3876,160.83,0.861,33.89,25.0161,60.77,71.9886,"S"
1.84,18.995,1641.357,66.8511,84.01,0.5777,30.14,25.0161,60.77,71.9886,"S"
1.84,19.002,1538.007,85.1224,200.71,1.461,35.92,25.0161,60.77,71.9886,"S"
1.84,20.315,1286.014,45.4922,825.76,6.5811,81.13,25.0161,60.77,71.9886,"S"
1.09,12.35,1061.151,35.2365,49.69,0.1235,10.04,28.0352,40.48,77.7068,"W"
1.09,14.432,824.047,20.9314,113.98,0.3134,19.58,28.0352,40.48,77.7068,"W"
1.09,16.719,891.997,20.7428,117.81,0.8029,21.04,28.0352,40.48,77.7068,"W"
0.31,16.792,911.265,31.6779,108.69,0.8446,20.23,29.3092,44.9,72.8208,"W"
1.09,14.7,892.828,16.7915,149.08,0.4658,23.12,28.0352,40.48,77.7068,"W"
1.09,13.921,874.636,44.02,236.92,0.642,19.77,28.0352,40.48,77.7068,"W"
1.16,14.862,905.797,67.1118,301.66,0.6862,27.09,31.3683,37.83,79.1247,"W"
1.16,15.787,903.018,49.9476,561.98,1.3886,56.67,31.3683,37.83,79.1247,"W"
1.16,15.899,1143.12,42.9934,185.94,0.3635,30.7,31.3683,37.83,79.1247,"W"
1.16,16.272,1295.071,35.4586,140.66,0.341,25.06,31.3683,37.83,79.1247,"W"
1.16,17.102,1327.631,44.8958,115.26,0.4449,17.34,31.3683,37.83,79.1247,"W"
1.25,16.969,1343.738,60.1456,195.27,0.9617,23.42,28.8397,47.96,62.0203,"S"
1.25,18.354,1257.903,49.1711,356.35,1.6512,31.04,28.8397,47.96,62.0203,"S"
1.25,19.614,1118.521,44.5872,547.14,2.4575,42.19,28.8397,47.96,62.0203,"S"
1.25,19.433,1296.693,58.8484,310.61,1.1401,35.25,28.8397,47.96,62.0203,"S"
0.77,18.817,1432.336,64.7575,173.5,0.7151,29.01,28.705,48.87,70.2393,"S"
0.77,19.356,1342.171,60.1084,232.61,0.8333,30.13,28.705,48.87,70.2393,"S"
0.77,18.898,1367.64,82.8908,159.61,0.6795,28.36,28.705,48.87,70.2393,"S"
1.84,18.667,1466.148,81.8531,110.35,0.7543,30.44,25.0161,60.77,71.9886,"S"
1.84,18.869,1502.495,70.6326,134.9,0.9093,36.28,25.0161,60.77,71.9886,"S"
1.84,18.457,1506.878,73.6335,493.73,2.1922,50.69,25.0161,60.77,71.9886,"S"
1.09,10.55,1099.697,55.9984,37.12,0.109,8.73,28.0352,40.48,77.7068,"W"
1.09,10.375,891.237,41.4748,50.64,0.1451,17.61,28.0352,40.48,77.7068,"W"
0.31,12.908,977.973,37.1077,54.58,0.3484,10.22,29.3092,44.9,72.8208,"W"
0.31,14.677,1070.326,32.8724,91.75,0.732,17.66,29.3092,44.9,72.8208,"W"
1.09,13.961,1087.806,20.3386,195.12,0.8068,25.08,28.0352,40.48,77.7068,"W"
1.09,14.29,1073.443,22.8144,209.02,0.5353,20.87,28.0352,40.48,77.7068,"W"
1.09,14.65,1042.818,40.6333,333.34,0.9644,26.25,28.0352,40.48,77.7068,"W"
1.16,16.168,884.899,27.2868,208.47,0.6635,23.69,31.3683,37.83,79.1247,"W"
1.16,16.688,935.136,32.5236,289.3,0.6316,28.71,31.3683,37.83,79.1247,"W"
1.16,16.469,1070.412,24.0736,133.59,0.3444,18.06,31.3683,37.83,79.1247,"W"
1.16,17.324,1267.832,38.3277,179.72,0.6415,26.27,31.3683,37.83,79.1247,"W"
1.25,17.355,1286.466,67.9819,270.84,1.1726,26.48,28.8397,47.96,62.0203,"S"
1.25,17.428,1244.831,57.7714,466.97,2.0614,36.01,28.8397,47.96,62.0203,"S"
1.25,18.877,1173.806,67.8754,449.84,1.9513,48.05,28.8397,47.96,62.0203,"S"
1.25,19.209,1291.565,60.3383,592.73,2.4062,63.37,28.8397,47.96,62.0203,"S"
0.77,18.573,1433.896,74.1419,300.5,1.0744,43.07,28.705,48.87,70.2393,"S"
0.77,19.368,1399.057,76.9272,281.94,1.0611,39.05,28.705,48.87,70.2393,"S"
0.77,19.086,1495.505,85.5224,231.01,0.8995,33.67,28.705,48.87,70.2393,"S"
1.84,17.835,1656.629,107.3618,77.03,0.4252,25.23,25.0161,60.77,71.9886,"S"
1.84,18.782,1623.922,88.1766,107.47,0.8101,30.42,25.0161,60.77,71.9886,"S"
1.84,16.704,1761.11,122.5074,118.92,0.9212,31.9,25.0161,60.77,71.9886,"S"
0.93,18.512,1641.656,95.9078,560.5,5.5218,74.59,21.1367,64,77.2942,"S"
0.03,12.979,525.542,1.6737,37.16,0.0382,0,28.4272,23.71,156.466,"W"
0.03,17.253,564.088,-0.1345,36.86,0.091,0,28.4272,23.71,156.466,"W"
0.03,8.431,1198.738,40.0028,3.04,0.0076,0,28.4272,23.71,156.466,"W"
1.09,7.761,998.141,56.5132,14.58,0.0538,7.12,28.0352,40.48,77.7068,"W"
0.31,7.337,799.415,31.2113,10.54,0.0423,5.16,29.3092,44.9,72.8208,"W"
0.31,9.398,925.4,45.1699,15.52,0.1168,6.86,29.3092,44.9,72.8208,"W"
0.31,11.912,1082.918,49.3269,136.39,1.0649,15.95,29.3092,44.9,72.8208,"W"
0.31,11.484,1221.713,36.1203,87.96,0.6048,14.95,29.3092,44.9,72.8208,"W"
1.09,17.1,1203.48,20.3491,267.06,1.8432,27.45,28.0352,40.48,77.7068,"W"
0.31,18.272,1160.124,33.2587,313.94,2.6305,29.73,29.3092,44.9,72.8208,"W"
1.16,17.356,1082.727,31.8708,206.45,1.0897,21.13,31.3683,37.83,79.1247,"W"
1.16,16.287,1004.011,40.2614,145.49,0.4554,22.26,31.3683,37.83,79.1247,"W"
1.16,16.712,1035.322,32.08,142.08,0.5109,18.62,31.3683,37.83,79.1247,"W"
1.24,17.057,1259.667,49.7754,196.2,0.9669,25.93,28.8471,58.34,80.7972,"W"
1.25,17.484,1360.407,56.1407,106.66,0.4209,20.41,28.8397,47.96,62.0203,"S"
1.25,17.837,1372.165,69.3054,182.83,0.8913,27.84,28.8397,47.96,62.0203,"S"
1.25,18.82,1266.871,56.7515,481.5,2.1594,51.05,28.8397,47.96,62.0203,"S"
1.25,18.789,1303.229,56.5032,720.13,2.8241,80.89,28.8397,47.96,62.0203,"S"
0.77,18.092,1435.872,85.8655,149.24,0.5347,28.43,28.705,48.87,70.2393,"S"
0.77,19.045,1449.876,72.1566,628.98,2.3962,65.11,28.705,48.87,70.2393,"S"
0.77,19.467,1572.948,74.0574,533.1,1.4686,57.73,28.705,48.87,70.2393,"S"
0.77,19.013,1690.615,97.1715,297.11,1.1916,38.52,28.705,48.87,70.2393,"S"
0.77,17.821,1651.079,92.7374,266.44,1.2083,40.82,28.705,48.87,70.2393,"S"
0.93,17.142,1613.979,76.6089,122.71,1.1516,40.23,21.1367,64,77.2942,"S"
0.93,17.581,1577.744,81.3706,745.66,6.185,78.68,21.1367,64,77.2942,"S"
0.03,-0.338,645.601,-0.9236,5.44,0.0136,1.58,28.4272,23.71,156.466,"W"
0.03,7.574,591.516,-8.4453,6.23,0.016,0,28.4272,23.71,156.466,"W"
0.03,13.433,633.964,13.3732,14.14,0.0329,0,28.4272,23.71,156.466,"W"
0.03,16.927,710.57,23.9291,13.75,0.0323,0,28.4272,23.71,156.466,"W"
0.03,11.382,904.86,32.3891,2.84,0.0036,0,28.4272,23.71,156.466,"W"
0.03,7.503,921.024,29.2469,1.56,0.0054,1.6,28.4272,23.71,156.466,"W"
0.03,3.878,884.287,28.5609,1.91,0.0091,0,28.4272,23.71,156.466,"W"
1.09,6.506,691.915,2.3449,8.12,0.0465,5.82,28.0352,40.48,77.7068,"W"
0.31,4.977,721.993,30.3589,6.36,0.0448,5.61,29.3092,44.9,72.8208,"W"
0.31,4.852,962.955,53.7843,4.94,0.0221,1.18,29.3092,44.9,72.8208,"W"
0.31,6.807,1226.753,34.8296,26.29,0.2789,5.97,29.3092,44.9,72.8208,"W"
0.31,13.122,1227.734,71.0166,134.18,1.055,17.69,29.3092,44.9,72.8208,"W"
0.31,18.473,1160.845,31.7965,334.72,2.8196,32.31,29.3092,44.9,72.8208,"W"
0.31,19.084,1142.943,22.2907,688.4,5.1537,48.6,29.3092,44.9,72.8208,"W"
1.24,19.457,1095.369,17.5535,1012.21,7.8072,92.85,28.8471,58.34,80.7972,"W"
1.24,17.69,1114.68,32.9889,271.62,2.1167,47.55,28.8471,58.34,80.7972,"W"
1.24,16.334,1126.331,36.2323,121.94,0.9066,25.14,28.8471,58.34,80.7972,"W"
0.38,16.215,1293.133,69.84,144.91,0.6659,22.31,24.8517,54.51,67.2963,"S"
1.25,16.28,1434.895,65.707,128.96,0.5565,22.16,28.8397,47.96,62.0203,"S"
1.25,18.092,1394.838,51.3866,337.24,1.3613,36.69,28.8397,47.96,62.0203,"S"
1.25,18.865,1262.382,43.673,420.84,1.7004,35.49,28.8397,47.96,62.0203,"S"
1.25,18.65,1229.505,58.5444,433.27,1.6875,42.87,28.8397,47.96,62.0203,"S"
0.38,17.996,1305.757,70.6823,206.99,0.9165,30.41,24.8517,54.51,67.2963,"S"
0.77,18.056,1310.014,70.7666,267.63,1.182,38.09,28.705,48.87,70.2393,"S"
0.77,18.843,1471.059,72.4694,380.07,1.041,36.25,28.705,48.87,70.2393,"S"
0.77,18.295,1578.641,95.6664,222.75,0.8141,38.01,28.705,48.87,70.2393,"S"
0.93,17.749,1481.65,92.1166,183.04,1.5645,49.67,21.1367,64,77.2942,"S"
0.93,18.17,1418.79,65.6547,436.46,4.5293,103.83,21.1367,64,77.2942,"S"
0.93,17.356,1572.406,81.8259,405.25,3.0421,97.28,21.1367,64,77.2942,"S"
0.93,17.838,1558.963,94.1479,577.4,4.416,98.56,21.1367,64,77.2942,"S"
0.03,-1.481,872.606,60.2305,2.75,0.0051,1.88,28.4272,23.71,156.466,"W"
0.03,0.101,588.216,-5.6289,3.69,0.0127,3.82,28.4272,23.71,156.466,"W"
0.03,0.71,532.023,-5.0164,3.89,0.0121,2.99,28.4272,23.71,156.466,"W"
0.03,0.527,528.477,-1.3635,5.78,0.0213,3.63,28.4272,23.71,156.466,"W"
0.03,0.289,547.091,-14.7212,6.51,0.0177,4.06,28.4272,23.71,156.466,"W"
0.03,2.214,572.41,-14.5411,9.01,0.0254,5.96,28.4272,23.71,156.466,"W"
0.03,3.494,618.535,-15.2788,12.64,0.0394,6.76,28.4272,23.71,156.466,"W"
0.03,3.318,726.033,-0.1092,4.29,0.0165,2.09,28.4272,23.71,156.466,"W"
0.03,4.308,813.504,21.0381,4.83,0.0227,2.95,28.4272,23.71,156.466,"W"
0.03,8.779,827.819,27.5089,4.7,0.0084,2.44,28.4272,23.71,156.466,"W"
0.03,5.736,920.165,42.2212,2.12,0.0069,1.5,28.4272,23.71,156.466,"W"
0.03,3.104,790.973,23.2262,2.37,0.0112,2.71,28.4272,23.71,156.466,"W"
0.03,4.115,635.783,6.3757,5.56,0.0177,3.12,28.4272,23.71,156.466,"W"
0.03,5.404,657.62,-5.6314,8.05,0.0352,3.9,28.4272,23.71,156.466,"W"
0.31,3.635,783.541,40.625,5.88,0.0509,2.94,29.3092,44.9,72.8208,"W"
0.31,4.785,943.721,48.46,7.69,0.0575,3.73,29.3092,44.9,72.8208,"W"
0.31,5.368,1248.2,49.9988,23.37,0.186,6.59,29.3092,44.9,72.8208,"W"
0.31,15.285,1219.863,77.6666,233.64,2.0432,32.94,29.3092,44.9,72.8208,"W"
0.31,18.178,1204.123,25.5733,768.88,6.8676,77.62,29.3092,44.9,72.8208,"W"
0.31,18.569,1124.665,15.718,492.25,3.7636,36.28,29.3092,44.9,72.8208,"W"
1.24,19.155,1073.213,19.6926,508.72,3.6267,45.84,28.8471,58.34,80.7972,"W"
0.31,18.748,1179.342,35.1556,407,2.9826,39.55,29.3092,44.9,72.8208,"W"
1.24,17.066,1196.492,41.7606,275.44,2.1717,35.63,28.8471,58.34,80.7972,"W"
0.38,15.329,1287.473,73.4611,144.17,0.8055,27.93,24.8517,54.51,67.2963,"S"
0.38,13.875,1457.784,110.5487,87.51,0.4198,22.92,24.8517,54.51,67.2963,"S"
0.38,17.372,1330.647,45.8319,324.85,1.5646,41.5,24.8517,54.51,67.2963,"S"
0.38,18.549,1210.626,31.7832,414.56,1.8975,46.29,24.8517,54.51,67.2963,"S"
0.38,18.518,1213.204,44.5281,456.43,2.1343,50.63,24.8517,54.51,67.2963,"S"
0.38,18.504,1216.043,56.2126,1308.34,5.56,97.78,24.8517,54.51,67.2963,"S"
0.38,17.944,1189.713,59.91,490.16,1.988,45.3,24.8517,54.51,67.2963,"S"
0.26,18.121,1391.478,70.2977,337.88,1.226,36.7,28.9903,47.86,72.7017,"S"
0.26,17.303,1523.432,99.6784,163.03,0.4869,29.9,28.9903,47.86,72.7017,"S"
0.26,16.649,1447.043,102.0772,139.93,0.5352,35.72,28.9903,47.86,72.7017,"S"
0.93,17.216,1424.311,88.2787,409.74,5.4863,90.45,21.1367,64,77.2942,"S"
0.93,17.917,1506.285,62.3842,1251.51,9.0753,205.98,21.1367,64,77.2942,"S"
0.93,17.752,1459.751,65.0817,1226.79,9.6107,198.37,21.1367,64,77.2942,"S"
0.03,-0.247,732.914,27.4394,2.25,0.0089,3.18,28.4272,23.71,156.466,"W"
0.03,1.62,496.155,-16.5606,5.06,0.0181,3.77,28.4272,23.71,156.466,"W"
0.03,3.697,478.532,-17.1825,11.24,0.0345,5,28.4272,23.71,156.466,"W"
0.03,4.019,512.559,-4.8133,23.79,0.066,5.77,28.4272,23.71,156.466,"W"
0.03,2.397,577.194,-18.7806,11.49,0.0321,5.67,28.4272,23.71,156.466,"W"
0.03,3.946,608.064,-11.2518,50.31,0.1487,10.91,28.4272,23.71,156.466,"W"
0.03,3.296,697.235,-3.9376,11.56,0.0343,4.16,28.4272,23.71,156.466,"W"
0.03,1.389,780.753,33.4853,2.89,0.0048,1.65,28.4272,23.71,156.466,"W"
0.03,2.461,807.087,44.8414,2.44,0.012,1.74,28.4272,23.71,156.466,"W"
0.03,3.459,856.516,29.1211,1.22,0.0047,1.16,28.4272,23.71,156.466,"W"
0.03,1.891,854.148,20.7421,4.37,0.0132,2.04,28.4272,23.71,156.466,"W"
0.03,3.237,693.403,10.525,3.42,0.0093,2.87,28.4272,23.71,156.466,"W"
0.03,4.779,653.131,1.3945,7.44,0.0268,2.52,28.4272,23.71,156.466,"W"
0.03,5.614,718.92,7.4631,4.84,0.0224,6.38,28.4272,23.71,156.466,"W"
0.31,3.816,813.978,25.398,5.74,0.0429,3.97,29.3092,44.9,72.8208,"W"
0.31,4.348,840.871,21.7123,7.29,0.0539,3.61,29.3092,44.9,72.8208,"W"
0.31,5.152,1078.81,5.2727,13.82,0.1085,4.81,29.3092,44.9,72.8208,"W"
0.31,5.902,1421.59,25.6057,23.65,0.1932,8.2,29.3092,44.9,72.8208,"W"
0.31,15.954,1271.597,25.1094,1256.85,8.9137,128.2,29.3092,44.9,72.8208,"W"
0.31,18.087,1225.319,16.0914,495.14,3.628,50.43,29.3092,44.9,72.8208,"W"
0.31,18.598,1148.584,22.098,518.85,3.8691,40.33,29.3092,44.9,72.8208,"W"
0.31,18.478,1229.105,37.0389,432.72,3.3842,29.39,29.3092,44.9,72.8208,"W"
1.24,17.457,1211.895,38.9048,321.42,2.1821,27.18,28.8471,58.34,80.7972,"W"
1.24,15.792,1084.886,33.1093,180.6,1.1624,25.06,28.8471,58.34,80.7972,"W"
0.38,13.961,1106.353,46.4461,95.09,0.5314,17.17,24.8517,54.51,67.2963,"S"
0.38,15.195,1092.133,19.5657,106.3,0.383,22.39,24.8517,54.51,67.2963,"S"
0.38,17.653,1007.679,12.6991,231.27,1.0476,32.82,24.8517,54.51,67.2963,"S"
0.38,17.494,994.253,23.2234,380.53,2.0319,41.11,24.8517,54.51,67.2963,"S"
0.38,17.618,1063.757,44.5219,390.22,1.6218,48.8,24.8517,54.51,67.2963,"S"
0.38,16.189,1156.754,56.5329,169.77,0.5492,26.67,24.8517,54.51,67.2963,"S"
0.26,16.354,1237.44,67.264,266.41,1.001,41.53,28.9903,47.86,72.7017,"S"
0.26,17.795,1153.798,57.3353,471.53,1.4942,52.71,28.9903,47.86,72.7017,"S"
0.26,17.641,1166.116,59.8975,466.9,1.9439,61.87,28.9903,47.86,72.7017,"S"
0.93,17.484,1198.808,62.1857,404.17,3.5908,84.31,21.1367,64,77.2942,"S"
0.93,17.753,1241.148,42.4227,1442.92,16.2596,233.31,21.1367,64,77.2942,"S"
0.03,-0.489,741.922,-32.6602,1.28,0.0036,3.41,28.4272,23.71,156.466,"W"
0.03,-1.198,650.37,-19.9118,0.74,0.0019,3.48,28.4272,23.71,156.466,"W"
0.03,-0.124,541.389,-16.8048,1.19,0.0037,2.74,28.4272,23.71,156.466,"W"
0.03,0.75,529.174,-16.0064,2.36,0.007,0.36,28.4272,23.71,156.466,"W"
0.03,0.47,563.402,-10.6332,1.86,0.0044,1.11,28.4272,23.71,156.466,"W"
0.03,-0.408,597.043,-8.3881,2.07,0.0035,0.97,28.4272,23.71,156.466,"W"
0.03,-0.01,609.827,3.0869,3.81,0.0183,3.79,28.4272,23.71,156.466,"W"
0.03,-0.376,677.843,15.2724,4.09,0.0083,3.64,28.4272,23.71,156.466,"W"
0.03,-0.761,734.932,51.7424,3.11,0.0095,3.08,28.4272,23.71,156.466,"W"
0.03,-0.948,801.852,63.503,3.81,0.0102,1.53,28.4272,23.71,156.466,"W"
0.03,1.005,805.435,32.1257,5.4,0.0127,2.78,28.4272,23.71,156.466,"W"
0.03,1.97,751.175,17.9223,7.36,0.0236,2.9,28.4272,23.71,156.466,"W"
0.03,2.793,708.441,5.5816,13.05,0.0403,4.21,28.4272,23.71,156.466,"W"
0.03,3.271,755.107,9.1499,7.01,0.0166,2.97,28.4272,23.71,156.466,"W"
0.31,2.715,824.594,23.8275,10.03,0.0607,5.4,29.3092,44.9,72.8208,"W"
0.31,2.86,817.001,34.2393,9.71,0.0675,4.17,29.3092,44.9,72.8208,"W"
0.31,3.788,794.326,39.459,8.42,0.0609,4.5,29.3092,44.9,72.8208,"W"
0.31,5.732,827.207,27.6471,11.2,0.0906,3.36,29.3092,44.9,72.8208,"W"
0.31,4.334,1062.557,39.0277,9,0.0694,5.45,29.3092,44.9,72.8208,"W"
0.31,8.769,1270.09,38.3359,38.61,0.2736,7.6,29.3092,44.9,72.8208,"W"
0.31,15.727,1382.717,26.1717,152.86,1.0897,28.96,29.3092,44.9,72.8208,"W"
0.31,16.785,1359.101,34.5401,203.08,1.6042,24.9,29.3092,44.9,72.8208,"W"
0.31,16.058,1293.501,48.4243,238.25,1.6048,21.19,29.3092,44.9,72.8208,"W"
0.31,14.36,1162.893,55.2421,94.31,0.5973,14.6,29.3092,44.9,72.8208,"W"
0.63,13.142,968.207,35.66,71.9,0.3751,15.47,24.9107,51.31,82.7802,"W"
0.38,14.6,852.892,18.5083,99.71,0.6042,18.74,24.8517,54.51,67.2963,"S"
0.38,15.416,814.264,12.491,185.21,0.9256,23.81,24.8517,54.51,67.2963,"S"
0.38,17.108,745.246,5.7968,473.71,2.1748,39.19,24.8517,54.51,67.2963,"S"
0.38,16.483,810.086,27.2152,189.9,0.8229,24.01,24.8517,54.51,67.2963,"S"
0.26,17.031,869.908,39.9514,327.06,1.3598,40.74,29.6931,43.8,63.392,"S"
0.26,17.044,896.978,32.7423,330.84,1.3081,36.3,29.6931,43.8,63.392,"S"
0.26,17.24,907.537,27.2931,379.93,1.5019,39.62,28.9903,47.86,72.7017,"S"
0.26,17.107,885.992,23.7695,674.43,2.204,70.25,28.9903,47.86,72.7017,"S"
0.6,17.151,929.343,30.4848,1199.61,9.4368,134.59,25.5822,64.11,72.6216,"S"
0.6,17.14,971.116,31.5497,1216.88,12.0412,179.97,25.5822,64.11,72.6216,"S"
0.6,17.138,1004.547,30.4981,1573.98,12.0664,240.68,25.5822,64.11,72.6216,"S"
0.6,17.165,959.633,33.9996,1997.9,11.6426,141.81,25.5822,64.11,72.6216,"S"
0.03,-1.747,658.122,-29.515,0.76,0.0027,0.86,28.4272,23.71,156.466,"W"
0.03,-1.375,651.947,-35.4906,1.01,0.0025,2.49,28.4272,23.71,156.466,"W"
0.03,-2.799,652.04,-48.9721,0.42,0.0017,1.42,28.4272,23.71,156.466,"W"
0.03,-0.574,526.256,-40.0717,0.5,0.0018,2.6,28.4272,23.71,156.466,"W"
0.03,0.242,457.372,-28.0476,0.9,0.0024,1.8,28.4272,23.71,156.466,"W"
0.03,-0.016,447.3,-14.9873,0.67,0.0012,1.92,28.4272,23.71,156.466,"W"
0.03,-0.363,447.695,-10.8876,1.34,0.0051,3.88,28.4272,23.71,156.466,"W"
0.03,-0.011,439.271,-3.6717,1.31,0.0033,2.31,28.4272,23.71,156.466,"W"
0.03,-0.445,492.522,5.918,1.86,0.005,4.48,28.4272,23.71,156.466,"W"
0.03,-0.173,560.16,20.9585,5.74,0.0222,3.12,28.4272,23.71,156.466,"W"
0.03,-0.262,633.675,29.8487,9.24,0.0156,3.05,28.4272,23.71,156.466,"W"
0.03,0.053,709.69,37.3395,7.76,0.022,3.97,28.4272,23.71,156.466,"W"
0.03,-0.307,779.259,32.9827,5.25,0.0142,2.65,28.4272,23.71,156.466,"W"
0.14,0.4,762.342,26.8516,4.44,0.0101,0.12,27.0287,48.51,143.9295,"W"
0.14,2.661,672.838,17.9868,9.62,0.0475,2.17,27.0287,48.51,143.9295,"W"
0.03,1.494,713.652,29.9535,4.17,0.018,0,28.4272,23.71,156.466,"W"
0.31,0.534,749.132,45.0423,6.4,0.0433,1.52,29.3092,44.9,72.8208,"W"
0.31,0.456,727.265,54.9112,4.64,0.0321,2.09,29.3092,44.9,72.8208,"W"
0.14,1.48,757.389,62.1378,7.18,0.0412,6.51,27.0287,48.51,143.9295,"W"
0.31,3.362,771.15,63.0475,7.64,0.0549,4.75,29.3092,44.9,72.8208,"W"
0.31,2.793,815.7,69.326,5.03,0.038,4.55,29.3092,44.9,72.8208,"W"
0.31,5.131,1022.24,24.6271,14.55,0.123,6.75,29.3092,44.9,72.8208,"W"
0.76,11.861,1229.503,-7.4534,54.65,0.2785,10.72,25.7989,40.13,77.8284,"W"
0.63,13.692,1260.416,24.3249,84.54,0.4025,17.69,24.9107,51.31,82.7802,"W"
0.63,13.781,1136.876,29.1459,220.16,0.9772,25.03,24.9107,51.31,82.7802,"W"
0.63,14.054,919.862,33.8319,103.22,0.4581,22.53,24.9107,51.31,82.7802,"W"
0.63,14.35,772.447,11.6409,152.35,0.7047,20.62,24.9107,51.31,82.7802,"W"
0.38,15.028,740.008,5.6736,144.06,0.7535,25.36,24.8517,54.51,67.2963,"S"
0.26,16.39,664.684,5.1954,226.84,0.889,28.66,29.6931,43.8,63.392,"S"
0.26,16.253,626.213,2.3587,596.11,2.4821,42.17,29.6931,43.8,63.392,"S"
0.26,16.11,717.75,13.1537,382.08,1.7679,33.32,29.6931,43.8,63.392,"S"
0.26,16.661,776.745,15.4866,647.9,2.5252,41.63,29.6931,43.8,63.392,"S"
0.26,16.728,813.519,12.7297,728.26,2.6011,50.54,28.9903,47.86,72.7017,"S"
0.26,16.658,812.105,13.0199,649.52,2.1147,59.83,28.9903,47.86,72.7017,"S"
0.26,16.476,819.919,14.5837,411.31,1.4143,44.2,28.9903,47.86,72.7017,"S"
0.26,16.458,840.629,24.6599,326,2.2209,42.74,28.9903,47.86,72.7017,"S"
0.6,16.455,826.665,27.9911,703.46,5.9141,82.92,25.5822,64.11,72.6216,"S"
0.6,16.525,885.767,31.7535,477.03,3.7212,63.33,25.5822,64.11,72.6216,"S"
0.03,-2.588,515.208,-34.7174,0.42,0.0015,2.08,28.4272,23.71,156.466,"W"
0.03,-3.682,576.242,-35.7879,0.22,3e-04,1.37,28.4272,23.71,156.466,"W"
0.03,-3.445,562.842,-39.3642,0.38,0.0016,1.91,28.4272,23.71,156.466,"W"
0.03,-0.231,445.579,-39.7004,0.46,0.0028,1.31,28.4272,23.71,156.466,"W"
0.03,-0.371,418.684,-41.7671,0.99,0.0011,3.31,28.4272,23.71,156.466,"W"
0.03,-0.622,397.552,-35.8069,0.65,0.0026,2.34,28.4272,23.71,156.466,"W"
0.03,0.009,362.099,-19.7403,0.76,0.0031,4.75,28.4272,23.71,156.466,"W"
0.03,-0.127,356.594,-4.1478,0.52,0.0014,4.35,28.4272,23.71,156.466,"W"
0.03,0.183,359.345,3.7369,0.77,0.0019,2.71,28.4272,23.71,156.466,"W"
0.03,-0.632,437.545,17.5636,0.78,0.0022,0.08,28.4272,23.71,156.466,"W"
0.03,-1.257,532.705,30.4542,2.55,0.0069,0.96,28.4272,23.71,156.466,"W"
0.03,-2.543,621.818,26.5798,1.84,0.0049,1.69,28.4272,23.71,156.466,"W"
0.14,-2.021,665.781,29.2585,1.83,0.0044,0,27.0287,48.51,143.9295,"W"
0.14,-1.23,686.53,33.5768,0.71,0.0029,0,27.0287,48.51,143.9295,"W"
0.14,-0.436,669.294,36.5604,5.56,0.0234,0.97,27.0287,48.51,143.9295,"W"
0.14,-0.132,633.596,27.7196,7.77,0.0323,3.06,27.0287,48.51,143.9295,"W"
0.14,-0.221,602.936,42.4627,10.64,0.0473,3.64,27.0287,48.51,143.9295,"W"
0.31,-0.937,606.827,59.1891,3.34,0.026,0.81,29.3092,44.9,72.8208,"W"
0.14,-1.357,644.593,56.525,3.17,0.0147,3.21,27.0287,48.51,143.9295,"W"
0.14,-0.372,696.323,65.9982,4.02,0.0171,3.23,27.0287,48.51,143.9295,"W"
0.76,1.452,705.04,76.4758,5.28,0.031,4.88,25.7989,40.13,77.8284,"W"
0.31,3.524,719.168,71.5152,8.15,0.067,6.51,29.3092,44.9,72.8208,"W"
0.76,5.875,799.51,24.8717,16.23,0.1044,5.65,25.7989,40.13,77.8284,"W"
0.76,10.198,848.116,-7.198,124.4,0.6936,11.84,25.7989,40.13,77.8284,"W"
0.76,11.738,881.361,7.3929,81.54,0.3718,14.39,25.7989,40.13,77.8284,"W"
0.63,10.348,855.257,24.8201,64.37,0.59,13.03,24.9107,51.31,82.7802,"W"
0.63,11.462,700.875,12.7301,294.33,1.6748,33.43,24.9107,51.31,82.7802,"W"
0.63,12.784,637.425,5.7384,799.85,3.3599,71.14,24.9107,51.31,82.7802,"W"
0.63,12.779,638.592,9.7,143.21,0.6045,21.81,24.9107,51.31,82.7802,"W"
0.26,13.369,600.807,4.5266,120.49,0.5111,21.61,29.6931,43.8,63.392,"S"
0.26,14.675,557,0.71,317.41,1.5381,36.67,29.6931,43.8,63.392,"S"
0.26,15.999,538.602,-1.9287,881.33,3.8224,78.55,29.6931,43.8,63.392,"S"
0.26,16.153,561.169,-0.0242,712.46,2.8379,55.11,29.6931,43.8,63.392,"S"
0.26,16.102,672.997,0.1564,619.12,2.4162,50.35,28.9903,47.86,72.7017,"S"
0.26,15.992,754.925,4.4732,728.82,3.5838,63.34,28.9903,47.86,72.7017,"S"
0.6,15.893,780.552,8.7253,492.78,3.6003,76.73,25.5822,64.11,72.6216,"S"
0.6,15.851,767.021,16.0353,619.96,5.5495,75.5,25.5822,64.11,72.6216,"S"
0.6,15.782,749.224,31.8719,540.7,4.5173,58.22,25.5822,64.11,72.6216,"S"
0.03,-0.652,352.972,-40.3911,0.61,9e-04,0.86,28.4272,23.71,156.466,"W"
0.03,-3.361,434.098,-40.3205,0.39,7e-04,1.02,28.4272,23.71,156.466,"W"
0.03,-3.243,439.452,-43.0974,0.35,0.001,0,28.4272,23.71,156.466,"W"
0.03,-1.778,399.99,-42.8236,0.57,0.0017,0,28.4272,23.71,156.466,"W"
0.03,-0.454,354.242,-38.6064,0.66,0.0027,0.67,28.4272,23.71,156.466,"W"
0.03,-0.807,353.244,-42.8378,0.41,0.0016,2.54,28.4272,23.71,156.466,"W"
0.03,-0.623,337.871,-48.2682,0.27,6e-04,1.05,28.4272,23.71,156.466,"W"
0.03,-1.834,363.765,-35.7226,0.63,5e-04,0.05,28.4272,23.71,156.466,"W"
0.03,-2.358,375.55,-16.3167,0.41,0.001,0,28.4272,23.71,156.466,"W"
0.03,-2.324,389.11,-3.5955,0.07,0,1.25,28.4272,23.71,156.466,"W"
0.03,-2.842,441.889,6.2027,0.1,5e-04,0,28.4272,23.71,156.466,"W"
0.14,-4.294,524.691,10.3546,0.2,5e-04,0,27.0287,48.51,143.9295,"W"
0.14,-3.325,519.008,4.3019,0.09,4e-04,1.5,27.0287,48.51,143.9295,"W"
0.14,-2.055,511.885,3.9802,0.08,6e-04,0,27.0287,48.51,143.9295,"W"
0.14,-1.981,546.406,21.3186,0.3,0.0026,0,27.0287,48.51,143.9295,"W"
0.14,-2.603,581.287,28.0865,2.13,0.0105,1.64,27.0287,48.51,143.9295,"W"
0.14,-2.191,554.205,35.1371,3.94,0.0093,3.23,27.0287,48.51,143.9295,"W"
0.14,-3.24,549.503,53.7943,1.83,0.007,1.56,27.0287,48.51,143.9295,"W"
0.14,-2.479,501.1,39.7028,0.37,5e-04,0.54,27.0287,48.51,143.9295,"W"
0.14,-2.475,541.706,44.5057,2.31,0.0113,2.98,27.0287,48.51,143.9295,"W"
0.14,-0.474,568.036,41.2116,6.51,0.0247,3.95,27.0287,48.51,143.9295,"W"
0.14,1.151,592.518,52.1154,6.06,0.0251,3.52,27.0287,48.51,143.9295,"W"
0.76,2.625,663.363,43.6368,16.95,0.0853,8.38,25.7989,40.13,77.8284,"W"
0.76,4.668,729.443,14.2415,74.67,0.4267,12.99,25.7989,40.13,77.8284,"W"
0.76,8.158,707.292,-7.0922,167.09,0.908,20.35,25.7989,40.13,77.8284,"W"
0.76,9.95,750.413,-5.3367,261.72,1.2676,26.5,25.7989,40.13,77.8284,"W"
0.63,11.362,688.602,2.4594,212.34,0.757,26.7,24.9107,51.31,82.7802,"W"
0.63,12.508,560.51,2.7344,277.04,1.201,36.83,24.9107,51.31,82.7802,"W"
0.63,14.234,484.614,-8.3105,553.14,2.4068,60.28,24.9107,51.31,82.7802,"W"
0.63,15.02,467.242,-2.5686,381.53,1.6182,53.06,24.9107,51.31,82.7802,"W"
1.16,14.513,504.469,-9.5307,348.19,1.3934,56.57,23.694,52.56,67.3065,"N"
0.26,15.362,487.33,-10.7599,683.12,2.7936,75.24,29.6931,43.8,63.392,"S"
0.26,15.709,452.156,-13.9951,1245.79,4.9608,131.96,29.6931,43.8,63.392,"S"
0.26,15.717,460.587,-13.5429,707.72,3.096,63.75,29.6931,43.8,63.392,"S"
0.4,15.56,567.425,-9.2859,701.89,4.4102,60.67,26.458,53.75,60.4823,"S"
0.6,15.395,696.225,-8.1786,800.6,5.1034,78.37,25.5822,64.11,72.6216,"S"
0.4,15.094,810.691,5.5076,755.61,5.754,96.48,26.458,53.75,60.4823,"S"
0.6,15.129,872.942,12.9531,583.59,4.7808,71.33,25.5822,64.11,72.6216,"S"
0.03,0.257,244.633,-50.7903,3.72,0.0014,0,28.4272,23.71,156.466,"W"
0.03,-2.677,313.274,-48.7833,0.54,0.0019,1.3,28.4272,23.71,156.466,"W"
0.03,-2.356,314.715,-49.331,0.45,0.0012,0.89,28.4272,23.71,156.466,"W"
0.03,-1.545,311.178,-50.0508,0.46,9e-04,1.62,28.4272,23.71,156.466,"W"
0.03,-1.158,315.472,-48.1643,0.42,0.0014,1.41,28.4272,23.71,156.466,"W"
0.03,-0.666,310.312,-46.6307,0.63,0.0023,0.77,28.4272,23.71,156.466,"W"
0.03,-2.102,355.882,-56.0802,0.2,0,0,28.4272,23.71,156.466,"W"
0.03,-2.703,371.482,-63.4904,0.2,0,0,28.4272,23.71,156.466,"W"
0.03,-2.612,363.63,-59.4934,0.1,3e-04,0,28.4272,23.71,156.466,"W"
0.03,-3.689,389.63,-46.1505,0.14,5e-04,0,28.4272,23.71,156.466,"W"
0.03,-4.343,411.23,-32.6316,0,0,0,28.4272,23.71,156.466,"W"
0.14,-4.345,420.091,-34.5405,0.03,0,0,27.0287,48.51,143.9295,"W"
0.14,-4.423,425.163,-25.5514,0,0,0,27.0287,48.51,143.9295,"W"
0.14,-3.163,381.674,-12.4025,0.04,1e-04,0.49,27.0287,48.51,143.9295,"W"
0.14,-2.645,377.272,-9.0582,0.28,0.0017,1.06,27.0287,48.51,143.9295,"W"
0.14,-2.227,402.826,1.8478,0.35,3e-04,0.15,27.0287,48.51,143.9295,"W"
0.14,-2.038,428.538,14.4578,0.93,0.0036,1.82,27.0287,48.51,143.9295,"W"
0.14,-2.716,448.139,18.444,0.65,0.0026,0.26,27.0287,48.51,143.9295,"W"
0.14,-2.633,418.084,8.5337,0.38,2e-04,0.11,27.0287,48.51,143.9295,"W"
0.14,-2.478,397.385,0.1026,0.65,0.0028,2.03,27.0287,48.51,143.9295,"W"
0.14,-2.542,449.338,8.048,2.79,0.0176,2.85,27.0287,48.51,143.9295,"W"
0.14,1.907,421.659,6.1832,15.35,0.0623,5.24,27.0287,48.51,143.9295,"W"
0.14,1.791,538.928,12.8238,12.65,0.0668,5.1,27.0287,48.51,143.9295,"W"
0.76,4.172,568.494,2.0321,72.81,0.3707,13.66,25.7989,40.13,77.8284,"W"
0.76,7.283,538.547,-6.6766,246.79,1.2617,29.9,25.7989,40.13,77.8284,"W"
0.76,7.998,553.527,-9.2846,109.97,0.499,23.47,25.7989,40.13,77.8284,"W"
1.53,7.997,697.662,-4.4359,152.35,0.7739,25.91,27.3199,52.01,99.5925,"W"
0.76,10.074,726.127,-5.0659,143.27,0.761,25.29,25.7989,40.13,77.8284,"W"
0.76,10.8,689.436,1.2636,135.05,0.6513,19.45,25.7989,40.13,77.8284,"W"
0.63,11.132,669.875,-1.2931,66.83,0.2602,19.4,24.9107,51.31,82.7802,"W"
0.63,12.028,642.095,-10.2805,139.51,0.6399,31.02,24.9107,51.31,82.7802,"W"
1.16,13.084,606.699,-15.8794,430.37,1.7251,65.54,23.694,52.56,67.3065,"N"
1.16,11.632,619.469,-7.6896,235.58,1.0954,43.78,23.694,52.56,67.3065,"N"
1.16,12.336,550.339,-9.0108,468.97,1.8638,56.16,23.694,52.56,67.3065,"N"
0.26,15.306,475.331,-17.3416,854.97,3.4954,69.7,29.6931,43.8,63.392,"S"
0.4,15.099,571.514,-16.3197,733.56,4.5032,59.2,26.458,53.75,60.4823,"S"
0.4,14.629,704.834,-11.0236,796.32,5.0558,82.73,26.458,53.75,60.4823,"S"
0.4,13.748,819.411,-4.0234,518.95,3.2419,74.61,26.458,53.75,60.4823,"S"
0.4,14.02,812.073,0.0898,541.86,3.379,65.22,26.458,53.75,60.4823,"S"
0.03,-2.331,249.722,-55.0193,0.49,5e-04,0,28.4272,23.71,156.466,"W"
0.03,-2.434,244.405,-50.0993,1.84,0.0052,2.33,28.4272,23.71,156.466,"W"
0.03,-2.744,276.769,-55.2208,0.38,0.0011,0.89,28.4272,23.71,156.466,"W"
0.03,-1.439,273.202,-60.2305,0.23,3e-04,0,28.4272,23.71,156.466,"W"
0.03,-1.919,317.604,-63.2932,0.06,0,0,28.4272,23.71,156.466,"W"
0.03,-2.474,354.785,-68.1922,0.24,0.0022,0,28.4272,23.71,156.466,"W"
0.03,-2.621,368.821,-77.5233,0.13,0,0,28.4272,23.71,156.466,"W"
0.03,-3.316,388.642,-78.5748,0.13,4e-04,0,28.4272,23.71,156.466,"W"
0.03,-3.681,391.839,-75.3396,0.07,1e-04,0,28.4272,23.71,156.466,"W"
0.03,-4.011,391.069,-74.9619,0,0,0,28.4272,23.71,156.466,"W"
0.03,-3.804,374.008,-63.994,0,0,0,28.4272,23.71,156.466,"W"
0.03,-4.635,384.941,-61.0516,0,0,0,28.4272,23.71,156.466,"W"
0.14,-4.446,359.623,-52.955,0,0,0,27.0287,48.51,143.9295,"W"
0.14,-4.634,341.938,-28.5361,0,0,0,27.0287,48.51,143.9295,"W"
0.14,-3.807,313.761,-13.9385,0.1,4e-04,0.74,27.0287,48.51,143.9295,"W"
0.14,-2.895,324.044,-17.4018,0.63,0,2.3,27.0287,48.51,143.9295,"W"
0.14,-1.952,341.381,-31.1294,0.56,3e-04,0.82,27.0287,48.51,143.9295,"W"
0.14,-1.345,336.17,-37.3141,0.39,6e-04,0,27.0287,48.51,143.9295,"W"
0.14,0.073,293.944,-35.8395,0.65,0.0016,0.83,27.0287,48.51,143.9295,"W"
0.14,1.344,272.815,-29.4358,6.22,0.0289,3.52,27.0287,48.51,143.9295,"W"
0.14,-1.177,405.476,-13.4579,1.25,0.0027,1.08,27.0287,48.51,143.9295,"W"
0.14,3.573,379.273,-3.3505,10.28,0.0421,6.12,27.0287,48.51,143.9295,"W"
0.14,4.55,472.852,-15.8347,186.76,0.875,22.03,27.0287,48.51,143.9295,"W"
0.14,6.201,447.97,-15.412,124.91,0.4791,26.05,27.0287,48.51,143.9295,"W"
0.76,8.654,339.326,-29.0493,328.79,1.486,27.48,25.7989,40.13,77.8284,"W"
0.76,9.138,321.288,-34.0658,96.49,0.4466,16.6,25.7989,40.13,77.8284,"W"
1.53,8.894,453.599,-23.099,79.44,0.3981,16.61,27.3199,52.01,99.5925,"W"
0.76,9.399,594.613,-18.299,30.95,0.1393,8.55,25.7989,40.13,77.8284,"W"
0.76,9.474,730.815,-12.8543,35.65,0.159,9.16,25.7989,40.13,77.8284,"W"
0.63,9.985,826.325,-8.922,81.65,0.4119,15.4,24.9107,51.31,82.7802,"W"
0.63,11.544,762.008,-13.9305,61.95,0.2844,16.74,24.9107,51.31,82.7802,"W"
1.16,10.949,716.474,-14.9902,200.18,0.937,37.45,23.694,52.56,67.3065,"N"
1.16,10.044,700.872,-8.8906,145.87,0.6507,31.65,23.694,52.56,67.3065,"N"
0.5,11.061,627.478,-13.5105,250.7,1.0528,45.33,26.966,48.12,62.9162,"N"
0.5,14.71,535.813,-20.2985,941.02,4.5466,77.54,26.966,48.12,62.9162,"N"
0.4,14.584,605.306,-19.793,669.66,3.9879,71.81,26.458,53.75,60.4823,"S"
0.4,13.835,724.323,-0.0252,892.74,6.0177,103.96,26.458,53.75,60.4823,"S"
0.4,12.962,804.804,-8.0209,736.63,4.7567,93.9,26.458,53.75,60.4823,"S"
0.4,13.693,656.168,-10.7588,627.85,4.2367,77.57,26.458,53.75,60.4823,"S"
0.4,13.796,590.718,-7.4912,1038.37,5.5352,143.85,26.458,53.75,60.4823,"S"
0.03,-2.874,252.63,-69.7124,0.54,9e-04,1.52,28.4272,23.71,156.466,"W"
0.03,-2.303,267.087,-75.0657,0.21,5e-04,1.1,28.4272,23.71,156.466,"W"
0.03,-3.868,352.685,-74.0651,0,0,0,28.4272,23.71,156.466,"W"
0.03,-4.311,402.463,-77.0193,0,0,0,28.4272,23.71,156.466,"W"
0.03,-3.785,412.445,-76.7646,0,0,0,28.4272,23.71,156.466,"W"
0.03,-4.2,435.403,-79.9458,0,0,0,28.4272,23.71,156.466,"W"
0.03,-4.738,449.062,-80.8673,0,0,0,28.4272,23.71,156.466,"W"
0.03,-4.052,418.368,-81.2091,0,0,0,28.4272,23.71,156.466,"W"
0.03,-4.045,402.463,-77.4646,0,0,0,28.4272,23.71,156.466,"W"
0.03,-4.869,406.132,-73.5463,0,0,0,28.4272,23.71,156.466,"W"
0.03,-4.84,378.602,-70.3349,0,0,0,28.4272,23.71,156.466,"W"
0.14,-5.404,362.517,-67.1062,0,0,0,27.0287,48.51,143.9295,"W"
0.14,-5.387,332.089,-44.381,0,0,0,27.0287,48.51,143.9295,"W"
0.14,-3.478,267.887,-31.9481,0.03,0,0,27.0287,48.51,143.9295,"W"
0.14,-0.124,197.835,-45.532,0.19,0,0.49,27.0287,48.51,143.9295,"W"
0.14,5.063,93.83,-52.8203,24.3,0.0995,4.9,27.0287,48.51,143.9295,"W"
0.14,6.654,71.738,-52.4274,1.25,0.0081,1.8,27.0287,48.51,143.9295,"W"
0.14,7.019,87.759,-45.8241,0.59,0.002,1.52,27.0287,48.51,143.9295,"W"
0.14,4.414,199.506,-31.2154,4.28,0.0175,3.36,27.0287,48.51,143.9295,"W"
0.14,1.367,352.768,-12.8684,5.89,0.0206,4.34,27.0287,48.51,143.9295,"W"
0.14,1.86,433.601,4.4626,3.34,0.0222,4.58,27.0287,48.51,143.9295,"W"
0.14,1.15,534.434,9.8107,77.32,0.2852,10.6,27.0287,48.51,143.9295,"W"
0.14,1.974,482.764,-0.8398,53.99,0.2829,11.14,27.0287,48.51,143.9295,"W"
0.76,6.837,267.37,-21.9791,59.03,0.2758,12.31,25.7989,40.13,77.8284,"W"
0.76,9.816,162.055,-40.687,25.01,0.1105,9.87,25.7989,40.13,77.8284,"W"
1.53,10.463,214.567,-39.3172,104.77,0.5276,25.5,27.3199,52.01,99.5925,"W"
1.53,9.937,323.687,-31.3981,25.75,0.1249,15.82,27.3199,52.01,99.5925,"W"
0.63,9.174,477.639,-24.1121,41.65,0.1474,14.42,24.9107,51.31,82.7802,"W"
0.63,9.52,619.896,-19.7867,60.43,0.2764,16.96,24.9107,51.31,82.7802,"W"
0.63,11.088,641.41,-18.9577,119.37,0.5059,18.91,24.9107,51.31,82.7802,"W"
1.16,9.499,665.279,-13.1606,214.3,0.7525,31.1,23.694,52.56,67.3065,"N"
1.16,10.414,638.333,-19.0653,696.61,2.8342,77.51,23.694,52.56,67.3065,"N"
1.16,9.349,685.193,-11.7172,185.68,0.822,33.92,23.694,52.56,67.3065,"N"
0.5,14.003,581.221,-22.9456,655.07,2.9908,68.5,26.966,48.12,62.9162,"N"
0.5,14.054,611.806,-21.9447,545.71,2.7853,68.03,26.966,48.12,62.9162,"N"
0.4,13.944,650.045,-18.2961,514.45,3.2391,61.32,26.458,53.75,60.4823,"S"
0.4,13.841,690.551,-18.9005,528.33,3.2598,95.96,26.458,53.75,60.4823,"S"
0.4,12.945,752.777,-6.4742,466.36,2.8759,81.85,26.458,53.75,60.4823,"S"
0.4,12.643,720.652,2.7621,461.35,3.552,84.85,26.458,53.75,60.4823,"S"
0.03,-5.427,360.735,-80.8828,0.31,6e-04,0,28.4272,23.71,156.466,"W"
0.03,-5.506,402.491,-81.5136,0.12,3e-04,1.49,28.4272,23.71,156.466,"W"
0.03,-5.463,443.324,-77.3825,0.02,0,0,28.4272,23.71,156.466,"W"
0.03,-5.032,468.768,-77.2631,0,0,0,28.4272,23.71,156.466,"W"
0.03,-4.123,467.211,-77.0035,0,0,0,28.4272,23.71,156.466,"W"
0.03,-3.658,460.711,-80.437,0,0,0,28.4272,23.71,156.466,"W"
0.03,-4.421,475.53,-83.6087,0,0,0,28.4272,23.71,156.466,"W"
0.03,-5.123,480.769,-86.0877,0,0,0,28.4272,23.71,156.466,"W"
0.03,-5.46,471.64,-83.255,0,0,0,28.4272,23.71,156.466,"W"
0.03,-5.359,444.505,-79.7785,0,0,0,28.4272,23.71,156.466,"W"
0.59,-4.759,394.087,-76.871,0,0,0,27.1993,44.47,86.1034,"W"
0.59,-3.951,329.899,-73.9293,0,0,0,27.1993,44.47,86.1034,"W"
0.14,-3.133,268.062,-57.9534,0.07,0,0,27.0287,48.51,143.9295,"W"
0.14,1.745,108.524,-48.4894,0.2,2e-04,0.71,27.0287,48.51,143.9295,"W"
0.14,5.187,26.474,-52.9041,0.17,0.0014,1.13,27.0287,48.51,143.9295,"W"
0.14,6.086,25.318,-52.6583,0,0,2.8,27.0287,48.51,143.9295,"W"
0.14,3.782,111.668,-48.9935,0.69,0.0067,3.83,27.0287,48.51,143.9295,"W"
0.14,1.432,243.002,-41.9059,2.25,0.015,2.94,27.0287,48.51,143.9295,"W"
0.14,-1.204,374.144,-25.9329,6.38,0.016,2.55,27.0287,48.51,143.9295,"W"
0.14,-2.67,470.131,0.7794,1.84,0.0066,0.57,27.0287,48.51,143.9295,"W"
0.14,-2.014,540.698,4.0661,4.95,0.0164,2.87,27.0287,48.51,143.9295,"W"
0.76,1.065,483.74,-11.2652,12.32,0.0863,5.3,25.7989,40.13,77.8284,"W"
0.76,7.334,247.523,-34.1387,124.7,0.6236,20,25.7989,40.13,77.8284,"W"
0.76,10.511,114.914,-41.8786,15.45,0.0553,3.6,25.7989,40.13,77.8284,"W"
0.79,10.695,108.889,-44.7686,0.73,1e-04,0.48,22.2821,58.71,95.1002,"W"
0.79,10.34,160.665,-43.3036,114.75,0.6847,25.52,22.2821,58.71,95.1002,"W"
0.79,10.203,199.15,-41.339,175.36,0.7033,37.72,22.2821,58.71,95.1002,"W"
0.79,9.093,303.542,-31.8865,6.63,0.0211,6.32,22.2821,58.71,95.1002,"W"
0.79,9.537,444.547,-24.9544,29.12,0.1017,12.88,22.2821,58.71,95.1002,"W"
0.63,9.96,590.206,-21.7212,93.07,0.4099,20.25,24.9107,51.31,82.7802,"W"
1.16,8.737,609.078,-15.1896,81.83,0.3693,17.19,23.694,52.56,67.3065,"N"
1.16,8.439,618.17,-16.6401,151.24,0.625,29.06,23.694,52.56,67.3065,"N"
0.5,9.645,641.295,-5.7326,155.68,0.6573,31.86,26.966,48.12,62.9162,"N"
0.5,13.252,593.84,-22.7884,1041.38,4.6255,94.09,26.966,48.12,62.9162,"N"
0.5,13.486,592.697,-19.1148,628.48,2.9532,70.47,26.966,48.12,62.9162,"N"
0.5,13.448,574.083,-17.4575,471.38,2.3444,60.41,26.966,48.12,62.9162,"N"
0.59,-6.393,443.718,-76.0635,0.11,0,0,27.1993,44.47,86.1034,"W"
0.59,-4.842,441.423,-75.6946,0.21,1e-04,1.9,27.1993,44.47,86.1034,"W"
0.59,-7.092,551.504,-73.8758,0,0,0,27.1993,44.47,86.1034,"W"
0.59,-5.461,541.208,-74.0416,0.52,2e-04,0,27.1993,44.47,86.1034,"W"
0.59,-4.702,542.774,-76.9252,0.04,0,0,27.1993,44.47,86.1034,"W"
0.59,-4.715,542.433,-80.0052,0.01,0,0,27.1993,44.47,86.1034,"W"
0.59,-4.479,517.122,-87.0192,0,0,0,27.1993,44.47,86.1034,"W"
0.59,-5.352,522.751,-89.1129,0,0,0,27.1993,44.47,86.1034,"W"
0.59,-4.986,494.604,-83.9624,0,0,0,27.1993,44.47,86.1034,"W"
0.59,-4.492,460.576,-80.0489,0,0,0,27.1993,44.47,86.1034,"W"
0.59,-2.706,375.973,-74.9142,0,0,0,27.1993,44.47,86.1034,"W"
0.59,-1.258,287.53,-65.689,0.02,1e-04,0,27.1993,44.47,86.1034,"W"
0.14,-0.062,204.343,-62.1442,0.87,0.0011,0.55,27.0287,48.51,143.9295,"W"
0.14,4.29,53.903,-62.7958,1.81,0,2.67,27.0287,48.51,143.9295,"W"
0.14,4.817,32.498,-57.7417,0.04,0,1.95,27.0287,48.51,143.9295,"W"
0.14,3.964,75.539,-54.3206,0.25,2e-04,2.38,27.0287,48.51,143.9295,"W"
0.76,-1.423,278.171,-49.7811,0.42,6e-04,0.86,25.7989,40.13,77.8284,"W"
0.76,-2.655,373.85,-38.9821,0.02,0,0,25.7989,40.13,77.8284,"W"
0.14,-3.676,439.692,-18.5811,0.21,0.0012,0,27.0287,48.51,143.9295,"W"
0.14,-3.478,475.723,-8.3595,0.57,0.002,2.12,27.0287,48.51,143.9295,"W"
0.76,3.351,347.359,-22.7371,30.27,0.2926,11.48,25.7989,40.13,77.8284,"W"
0.76,8.243,212.755,-38.4556,64.25,0.1786,12.24,25.7989,40.13,77.8284,"W"
0.76,9.812,135.02,-47.3921,6.52,0.0204,4.28,25.7989,40.13,77.8284,"W"
0.76,10.386,92.178,-50.5968,11.04,0.038,4.83,25.7989,40.13,77.8284,"W"
0.79,10.319,100.21,-47.978,1.23,0.0043,0,22.2821,58.71,95.1002,"W"
0.79,10.056,143.656,-45.8564,7.52,0.0453,5.67,22.2821,58.71,95.1002,"W"
1.53,9.59,166.829,-45.5142,120.08,0.6335,31.02,27.3199,52.01,99.5925,"W"
0.79,8.269,250.966,-36.6461,8.22,0.0246,7.64,22.2821,58.71,95.1002,"W"
0.79,8.505,395.302,-27.479,10.83,0.0609,9.42,22.2821,58.71,95.1002,"W"
0.63,8.741,557.527,-21.8806,76.27,0.5537,31.92,24.9107,51.31,82.7802,"W"
1.16,8.841,558.072,-20.106,85.86,0.3517,19.74,23.694,52.56,67.3065,"N"
1.16,7.45,561.817,-18.5877,157.5,0.6931,36.76,23.694,52.56,67.3065,"N"
1.16,6.557,634.954,4.6609,132.97,0.543,26.64,23.694,52.56,67.3065,"N"
0.5,9.11,647.286,-10.7255,144.81,0.7335,29.44,26.966,48.12,62.9162,"N"
0.5,12.749,559.583,-19.3265,772.87,4.6739,102.61,26.966,48.12,62.9162,"N"
1.22,12.907,534.551,-15.4393,1553.53,14.7006,157.18,22.642,82.01,106.1235,"N"
0.59,-6.093,500.424,-71.1391,0.05,2e-04,0.07,27.1993,44.47,86.1034,"W"
0.59,-4.482,498.856,-71.4211,0.22,5e-04,1.39,27.1993,44.47,86.1034,"W"
0.59,1.83,346.101,-65.8871,4.05,0.0204,1.29,27.1993,44.47,86.1034,"W"
0.59,6.961,227.965,-62.0116,16.49,0.077,2.89,27.1993,44.47,86.1034,"W"
0.59,6.579,260.928,-64.0753,4.34,0.0148,2.29,27.1993,44.47,86.1034,"W"
0.59,7.695,213.394,-75.3727,0.5,0.0029,0.25,27.1993,44.47,86.1034,"W"
0.59,4.977,263.506,-96.0546,0.25,0.0011,0,27.1993,44.47,86.1034,"W"
0.59,3.227,293.883,-93.6245,0.26,0.0016,0.97,27.1993,44.47,86.1034,"W"
0.59,-0.141,386.897,-94.4482,0.29,6e-04,0,27.1993,44.47,86.1034,"W"
0.59,-1.985,436.393,-89.1195,0.11,0,0,27.1993,44.47,86.1034,"W"
0.59,-1.916,411.095,-75.6882,0.35,0.0014,0,27.1993,44.47,86.1034,"W"
0.59,0.848,280.193,-61.0199,0.07,3e-04,1.79,27.1993,44.47,86.1034,"W"
0.14,2.84,166.567,-63.0615,0.86,0.0123,2.34,27.0287,48.51,143.9295,"W"
0.14,3.502,109.826,-77.5001,0.58,0,0.36,27.0287,48.51,143.9295,"W"
0.14,2.985,113.08,-65.5306,0.19,8e-04,2.15,27.0287,48.51,143.9295,"W"
0.76,1.448,209.386,-61.6642,0.7,3e-04,3.12,25.7989,40.13,77.8284,"W"
0.76,0.388,309.31,-51.5737,1.09,0.0052,1.36,25.7989,40.13,77.8284,"W"
0.76,-0.965,375.509,-48.7228,0.26,0.0012,0,25.7989,40.13,77.8284,"W"
0.76,0.089,353.363,-40.5218,7.51,0.0248,3.54,25.7989,40.13,77.8284,"W"
0.76,5.328,223.577,-42.3159,78.12,0.3789,20.44,25.7989,40.13,77.8284,"W"
0.76,9.615,125.39,-48.7325,16.72,0.0594,5.56,25.7989,40.13,77.8284,"W"
0.79,10.134,112.286,-47.6831,0.51,0.001,1.19,22.2821,58.71,95.1002,"W"
0.79,10.383,82.471,-50.1468,0.44,1e-04,0,22.2821,58.71,95.1002,"W"
0.79,8.782,102.646,-52.3097,0.25,5e-04,0.88,22.2821,58.71,95.1002,"W"
0.79,8.653,101.021,-50.8903,0.21,0.0034,2.26,22.2821,58.71,95.1002,"W"
0.79,9.385,104.101,-50.9932,0.81,0.0058,2.31,22.2821,58.71,95.1002,"W"
0.79,10.167,114.577,-47.8577,27.44,0.1117,10.23,22.2821,58.71,95.1002,"W"
0.79,9.162,194.128,-42.9881,4.16,0.0198,2.33,22.2821,58.71,95.1002,"W"
0.79,9.085,293.568,-33.0174,27.21,0.1371,11.43,22.2821,58.71,95.1002,"W"
0.79,8.781,406.97,-25.1762,326.91,1.3328,37.27,22.2821,58.71,95.1002,"W"
0.79,8.644,489.499,-22.887,92.17,0.5039,28.84,22.2821,58.71,95.1002,"W"
0.79,6.529,513.583,-17.1132,84.96,0.4245,23.63,22.2821,58.71,95.1002,"W"
1.16,6.811,491.039,-21.1753,289.63,1.0226,44.68,23.694,52.56,67.3065,"N"
0.5,7.265,550.066,-22.2254,176.17,0.8728,35.64,26.966,48.12,62.9162,"N"
1.62,10.049,546.366,-15.3126,2009.7,22.1713,159.05,18.5058,86.3,158.2044,"N"
1.22,11.442,541.35,-2.7421,620.78,4.2022,104.67,22.642,82.01,106.1235,"N"
0.5,11.24,589.263,-1.6536,580.65,2.2155,71.24,26.966,48.12,62.9162,"N"
0.5,10.582,640.61,-2.2726,404.61,1.6662,60.64,26.966,48.12,62.9162,"N"
0.2,10.421,796.243,-1.6474,294.38,1.724,70.51,20.6315,66.45,63.3435,"N"
0.59,-5.798,497.821,-67.863,0.1,3e-04,0.85,27.1993,44.47,86.1034,"W"
0.59,-3.265,491.849,-64.1337,0.57,0.0041,1.65,27.1993,44.47,86.1034,"W"
0.59,5.11,286.229,-60.3646,6.72,0.052,0.93,27.1993,44.47,86.1034,"W"
0.59,11.314,119.431,-57.9554,97.14,0.4057,9.97,27.1993,44.47,86.1034,"W"
0.59,13.501,68.507,-61.679,20.78,0.054,3,27.1993,44.47,86.1034,"W"
0.59,13.01,88.613,-76.1362,0.94,0.0031,0.33,27.1993,44.47,86.1034,"W"
0.59,12.636,73.148,-74.7626,0.84,0.0017,2.87,27.1993,44.47,86.1034,"W"
0.59,12.001,58.75,-95.7497,0.84,8e-04,1.55,27.1993,44.47,86.1034,"W"
0.59,11.718,52.09,-79.8789,5.75,0.0275,3.62,27.1993,44.47,86.1034,"W"
0.59,11.863,55.445,-96.7557,0.68,0.001,1.23,27.1993,44.47,86.1034,"W"
0.59,11.602,76.316,-98.0104,0.71,0.0051,1.35,27.1993,44.47,86.1034,"W"
0.59,9.169,143.36,-69.3666,1.68,0.0099,3.36,27.1993,44.47,86.1034,"W"
0.59,8.1,139.874,-80.999,0.44,4e-04,2.53,27.1993,44.47,86.1034,"W"
0.59,7.946,100.717,-89.3884,0.14,0,0.64,27.1993,44.47,86.1034,"W"
0.59,9.05,46.863,-99.6177,0.01,0,0,27.1993,44.47,86.1034,"W"
0.76,9.378,38.015,-91.5702,0.07,3e-04,0,25.7989,40.13,77.8284,"W"
0.76,9.893,57.818,-89.8416,1.46,0.0089,2.52,25.7989,40.13,77.8284,"W"
0.76,9.207,107.237,-57.9384,19.54,0.0878,6.15,25.7989,40.13,77.8284,"W"
0.76,8.297,127.951,-54.9661,5.44,0.032,6.53,25.7989,40.13,77.8284,"W"
0.76,8.624,105.75,-52.6732,13.45,0.0744,7.9,25.7989,40.13,77.8284,"W"
0.76,9.062,95.923,-52.8703,5.66,0.0179,3.32,25.7989,40.13,77.8284,"W"
0.76,9.632,87.252,-54.4306,3.38,0.0106,3.66,25.7989,40.13,77.8284,"W"
0.79,10.865,58.545,-55.0713,0.07,3e-04,0.13,22.2821,58.71,95.1002,"W"
0.79,10.483,60.758,-56.2263,0.03,0,0,22.2821,58.71,95.1002,"W"
0.79,9.202,77.999,-55.2213,0.1,0,0.14,22.2821,58.71,95.1002,"W"
0.79,9.216,67.329,-51.5932,0.13,0,2.74,22.2821,58.71,95.1002,"W"
0.79,8.979,76.239,-49.469,0.75,8e-04,2.44,22.2821,58.71,95.1002,"W"
0.79,7.19,145.758,-47.2756,29.62,0.1357,9.37,22.2821,58.71,95.1002,"W"
0.79,8.618,154.647,-44.5158,80.59,0.4082,19.06,22.2821,58.71,95.1002,"W"
0.79,7.756,226.507,-37.9075,25.08,0.0802,11.1,22.2821,58.71,95.1002,"W"
0.79,5.42,347.026,-28.4634,29.34,0.1347,10.55,22.2821,58.71,95.1002,"W"
0.79,5.066,427.08,-22.8002,249.9,1.1405,27.14,22.2821,58.71,95.1002,"W"
0.79,4.531,445.601,-17.8369,69.17,0.3905,17.95,22.2821,58.71,95.1002,"W"
0.79,5.462,437.334,-18.4881,70.91,0.3106,21.56,22.2821,58.71,95.1002,"W"
0.5,5.247,493.025,-16.3815,155.4,0.5806,36.83,26.966,48.12,62.9162,"N"
0.5,5.954,530.796,-14.5927,43.76,0.2222,17.56,26.966,48.12,62.9162,"N"
0.5,8.023,530.845,-7.7572,100.45,0.5579,29.37,26.966,48.12,62.9162,"N"
0.5,7.917,577.709,-8.6112,151.81,0.5728,28.63,26.966,48.12,62.9162,"N"
0.2,8.576,587.765,-13.9892,164.03,1.1194,24.84,20.6315,66.45,63.3435,"N"
0.2,9.748,586.513,-7.1043,453.08,3.0336,56.32,20.6315,66.45,63.3435,"N"
0.2,8.394,864.461,25.4982,182.78,1.0604,33.49,20.6315,66.45,63.3435,"N"
0.2,8.57,968.506,59.7946,234.61,1.3982,33.57,20.6315,66.45,63.3435,"N"
0.59,-3.193,397.617,-59.4075,0.64,0.0023,0,27.1993,44.47,86.1034,"W"
0.59,-0.415,394.161,-59.9512,1.82,0.0059,2.66,27.1993,44.47,86.1034,"W"
0.59,5.823,294.822,-57.441,13.82,0.064,2.14,27.1993,44.47,86.1034,"W"
0.59,12.965,127.376,-61.4212,24.54,0.1137,3.59,27.1993,44.47,86.1034,"W"
0.59,13.849,98.868,-80.2607,56.01,0.1974,6.6,27.1993,44.47,86.1034,"W"
0.59,13.46,96.218,-87.4387,4.84,0.0169,1.05,27.1993,44.47,86.1034,"W"
0.59,12.858,89.832,-102.4019,1.34,0.0049,0,27.1993,44.47,86.1034,"W"
0.59,12.057,74.562,-89.9887,0,0,0.71,27.1993,44.47,86.1034,"W"
0.59,11.601,58.217,-92.199,0,0,1.94,27.1993,44.47,86.1034,"W"
0.59,11.903,53.004,-94.2469,0,0,0,27.1993,44.47,86.1034,"W"
0.59,12.3,56.964,-101.6052,0.02,0,0,27.1993,44.47,86.1034,"W"
0.59,12.714,56.376,-96.4095,0.2,0,0,27.1993,44.47,86.1034,"W"
0.59,13.105,43.452,-96.7535,0.64,0.0021,1.18,27.1993,44.47,86.1034,"W"
0.59,13.398,28.034,-97.547,0,0,0,27.1993,44.47,86.1034,"W"
0.59,13.61,17.356,-108.6725,0.01,1e-04,0,27.1993,44.47,86.1034,"W"
0.59,13.188,13.13,-109.0914,0,0,0.42,27.1993,44.47,86.1034,"W"
0.59,12.007,23.627,-103.9169,0,0,0,27.1993,44.47,86.1034,"W"
0.59,10.666,43.038,-85.6567,0.3,0.0046,0,27.1993,44.47,86.1034,"W"
0.76,8.94,80.988,-64.7867,2,0.01,0.68,25.7989,40.13,77.8284,"W"
0.76,7.131,117.203,-55.8089,4.74,0.0149,1.31,25.7989,40.13,77.8284,"W"
0.76,6.425,120.429,-52.4909,0.2,5e-04,1.09,25.7989,40.13,77.8284,"W"
0.79,8.498,70.267,-53.6181,0.01,0,1.49,22.2821,58.71,95.1002,"W"
0.79,9.664,58.42,-56.2949,0.18,0.001,2.24,22.2821,58.71,95.1002,"W"
0.79,10.779,41.224,-57.2331,0.69,0.0077,3.37,22.2821,58.71,95.1002,"W"
0.79,10.918,42.832,-57.4491,0.77,5e-04,2.57,22.2821,58.71,95.1002,"W"
0.79,10.283,54.816,-56.9892,1,8e-04,4.32,22.2821,58.71,95.1002,"W"
0.79,8.215,107.349,-46.6217,0.57,9e-04,0.56,22.2821,58.71,95.1002,"W"
0.79,6.874,162.621,-42.5049,2.14,0.0069,2.96,22.2821,58.71,95.1002,"W"
0.79,6.37,199.4,-36.2436,1.27,0.0037,2.18,22.2821,58.71,95.1002,"W"
0.79,6.234,212.353,-32.9429,6.98,0.0348,5.59,22.2821,58.71,95.1002,"W"
0.79,5.896,242.008,-29.2366,4.55,0.0089,3.84,22.2821,58.71,95.1002,"W"
0.79,5.235,287.11,-29.8665,10.4,0.0454,5.56,22.2821,58.71,95.1002,"W"
0.79,4.38,366.616,-24.8729,28.99,0.143,13.06,22.2821,58.71,95.1002,"W"
0.79,3.585,420.037,-16.4464,34.42,0.1417,19.38,22.2821,58.71,95.1002,"W"
0.79,3.135,462.538,-12.8109,31.16,0.1514,15.06,22.2821,58.71,95.1002,"W"
0.5,4.081,484.987,-11.2832,50.52,0.2057,12.01,26.966,48.12,62.9162,"N"
0.79,5.629,473.818,-18.7901,92.16,0.6695,19.79,22.2821,58.71,95.1002,"W"
0.2,7.191,465.471,-18.8261,126.7,0.7789,26,20.6315,66.45,63.3435,"N"
0.2,8.676,508.99,-14.7388,215.03,1.3354,37.7,20.6315,66.45,63.3435,"N"
0.2,9.086,616.991,-2.6815,338.6,1.9413,52.28,20.6315,66.45,63.3435,"N"
0.2,8.358,775.478,15.941,1089.5,7.2242,103.52,20.6315,66.45,63.3435,"N"
0.2,6.057,978.017,43.2944,63.83,0.3815,24.91,20.6315,66.45,63.3435,"N"
0.2,5.866,1087.083,43.7125,74.16,0.4165,22.48,20.6315,66.45,63.3435,"N"
0.59,-0.555,332.647,-53.347,0.99,0.0034,2.05,27.1993,44.47,86.1034,"W"
0.59,6.981,213.529,-54.829,11.62,0.0476,4.03,27.1993,44.47,86.1034,"W"
0.59,12.985,130.667,-55.4842,74.07,0.3211,14.13,27.1993,44.47,86.1034,"W"
0.59,13.634,151.031,-61.6168,3.49,0.0089,0.57,27.1993,44.47,86.1034,"W"
0.59,13.43,148.007,-88.5636,0,0,0,27.1993,44.47,86.1034,"W"
0.59,13.051,128.376,-96.2724,1.94,0.0071,0.79,27.1993,44.47,86.1034,"W"
0.59,12.529,100.565,-93.5263,0.01,0,0.25,27.1993,44.47,86.1034,"W"
0.59,11.988,73.766,-91.3467,0,0,0,27.1993,44.47,86.1034,"W"
0.59,11.91,57.543,-102.3827,0,0,0.77,27.1993,44.47,86.1034,"W"
0.59,12.499,52.982,-105.586,0,0,0.65,27.1993,44.47,86.1034,"W"
0.59,12.882,52.474,-105.7112,0,0,0,27.1993,44.47,86.1034,"W"
0.59,12.66,52.262,-87.6037,0.18,0.007,0.43,27.1993,44.47,86.1034,"W"
0.59,12.435,43.735,-73.0472,0.69,0.0011,2.76,27.1993,44.47,86.1034,"W"
0.59,11.644,52.186,-88.4689,0.45,0.0019,0,27.1993,44.47,86.1034,"W"
0.59,11.234,64.807,-101.9916,0.29,0.001,0,27.1993,44.47,86.1034,"W"
0.59,12.362,37.611,-106.115,0,0,0.92,27.1993,44.47,86.1034,"W"
0.59,11.291,46.457,-105.5558,0,0,0.7,27.1993,44.47,86.1034,"W"
0.59,10.704,38.962,-91.7229,0.01,0,0.05,27.1993,44.47,86.1034,"W"
0.59,9.138,48.939,-73.446,0.81,0.0022,1.28,27.1993,44.47,86.1034,"W"
0.59,6.21,104.92,-59.6276,0.34,0.0037,2.3,27.1993,44.47,86.1034,"W"
0.76,6.423,89.892,-51.39,0.13,0,2.41,25.7989,40.13,77.8284,"W"
0.79,8.241,60.965,-53.5319,0.36,0.0018,1.94,22.2821,58.71,95.1002,"W"
0.79,9.736,49.67,-56.7816,0.22,7e-04,1.89,22.2821,58.71,95.1002,"W"
0.79,10.561,48.405,-57.4351,0.38,0.004,1.19,22.2821,58.71,95.1002,"W"
0.79,6.721,151.997,-40.4549,0.62,0.0012,2.66,22.2821,58.71,95.1002,"W"
0.79,5.954,187.69,-40.7976,4.8,0.0193,5.82,22.2821,58.71,95.1002,"W"
0.79,4.943,256.22,-34.4928,1.1,0.0038,1.41,22.2821,58.71,95.1002,"W"
0.79,3.403,342.612,-25.4133,2.52,0.0105,2.87,22.2821,58.71,95.1002,"W"
0.79,2.269,403.786,-17.5762,5.33,0.0184,5.94,22.2821,58.71,95.1002,"W"
0.79,2.049,448.917,-12.5102,14.34,0.0683,10.08,22.2821,58.71,95.1002,"W"
0.79,5.658,391.537,-22.457,110.23,0.306,20.65,22.2821,58.71,95.1002,"W"
0.79,7.234,388.943,-21.0571,62.03,0.2359,17.89,22.2821,58.71,95.1002,"W"
0.79,7.223,443.908,-19.5678,55.92,0.3059,19.18,22.2821,58.71,95.1002,"W"
0.2,7.947,545.801,-12.3997,129.72,0.6997,30.53,20.6315,66.45,63.3435,"N"
0.2,7.808,695.539,3.7109,471,2.543,80.26,20.6315,66.45,63.3435,"N"
0.2,5.854,887.729,21.1802,78.39,0.4511,30.33,20.6315,66.45,63.3435,"N"
0.48,4.447,1045.925,34.8957,174.74,0.8587,32.53,21.4119,54.2,79.9357,"N"
0.48,3.772,1118.158,56.7418,76.42,0.3246,17.9,21.4119,54.2,79.9357,"N"
0.48,3.502,1067.71,177.9288,17.91,0.0655,8.23,21.4119,54.2,79.9357,"N"
0.59,-0.201,348.058,-51.4119,3.99,0.0144,3.76,27.1993,44.47,86.1034,"W"
0.59,7.269,233.465,-54.0919,7.33,0.0309,3.24,27.1993,44.47,86.1034,"W"
0.59,13.565,128.312,-55.4096,124.24,0.4864,18.95,27.1993,44.47,86.1034,"W"
0.59,13.415,165.423,-56.2563,22.98,0.0685,5.65,27.1993,44.47,86.1034,"W"
0.59,13.344,163.055,-72.6058,0.63,0.0029,0.04,27.1993,44.47,86.1034,"W"
0.59,12.964,146.973,-88.409,0.01,3e-04,0,27.1993,44.47,86.1034,"W"
0.59,12.492,110.204,-70.507,0.15,7e-04,1.06,27.1993,44.47,86.1034,"W"
0.59,12.249,74.938,-68.1348,0,0,0,27.1993,44.47,86.1034,"W"
0.59,12.73,57.817,-80.7591,0.02,2e-04,0,27.1993,44.47,86.1034,"W"
0.59,13.347,56.72,-86.0767,0.15,8e-04,0.99,27.1993,44.47,86.1034,"W"
0.59,13.256,53.466,-72.6714,0.66,0.0031,0.67,27.1993,44.47,86.1034,"W"
0.59,12.147,54.353,-58.8196,8.78,0.0292,4.93,27.1993,44.47,86.1034,"W"
0.59,8.678,128.102,-56.665,2.24,0.0051,0.11,27.1993,44.47,86.1034,"W"
0.59,8.613,124.846,-67.2772,0.76,8e-04,0,27.1993,44.47,86.1034,"W"
0.59,10.997,90.307,-94.7806,0.95,0.0013,0,27.1993,44.47,86.1034,"W"
0.59,11.475,85.755,-93.6356,0,0,0,27.1993,44.47,86.1034,"W"
0.59,13.168,39.809,-96.8866,0,0,0.7,27.1993,44.47,86.1034,"W"
0.59,12.84,33.284,-73.883,31.67,0.1423,9.18,27.1993,44.47,86.1034,"W"
0.59,8.319,101.21,-59.1396,4.35,0.0162,7.54,27.1993,44.47,86.1034,"W"
0.59,8.356,67.757,-54.0999,0.73,3e-04,1.12,27.1993,44.47,86.1034,"W"
0.79,4.898,166.721,-42.4819,2.47,0.0069,5.24,22.2821,58.71,95.1002,"W"
0.79,3.774,206.573,-38.6681,1.97,0.0061,4.51,22.2821,58.71,95.1002,"W"
0.79,2.994,277.231,-31.9409,6.03,0.0171,3.9,22.2821,58.71,95.1002,"W"
0.79,2.25,337.496,-21.5682,20.28,0.1221,7.62,22.2821,58.71,95.1002,"W"
0.79,2.045,394.125,-15.1779,23.25,0.1073,7.38,22.2821,58.71,95.1002,"W"
0.79,5.437,375.448,-22.6114,33.01,0.1326,13.14,22.2821,58.71,95.1002,"W"
0.79,6.902,372.136,-23.7321,32.63,0.1325,9.78,22.2821,58.71,95.1002,"W"
0.79,7.246,382.753,-25.4291,58.84,0.308,14.54,22.2821,58.71,95.1002,"W"
0.79,7.19,468.755,-18.6876,108.1,0.5535,16.71,22.2821,58.71,95.1002,"W"
0.2,6.958,626.544,-5.0397,157.98,0.8968,27.7,20.6315,66.45,63.3435,"N"
0.48,5.61,812.907,9.0801,251.37,1.3084,41.25,21.4119,54.2,79.9357,"N"
0.48,4.892,978.34,19.829,167.85,0.7745,36.29,21.4119,54.2,79.9357,"N"
0.48,4.102,1047.076,43.4296,61.94,0.2382,14.87,21.4119,54.2,79.9357,"N"
0.48,4.347,899.605,70.0218,24.41,0.1253,6.82,21.4119,54.2,79.9357,"N"
0.59,-0.676,401.803,-50.8716,2.33,0.0094,3.04,27.1993,44.47,86.1034,"W"
0.59,11.25,143.392,-53.197,167.66,0.7232,24.47,27.1993,44.47,86.1034,"W"
0.59,13.358,124.299,-54.2822,84.18,0.295,19.34,27.1993,44.47,86.1034,"W"
0.59,12.575,171.736,-54.3902,26.41,0.075,8.88,27.1993,44.47,86.1034,"W"
0.59,12.458,189.004,-57.8035,28.38,0.1079,10.78,27.1993,44.47,86.1034,"W"
0.59,12.919,169.673,-74.6824,12.28,0.056,6.47,27.1993,44.47,86.1034,"W"
0.59,12.501,134.129,-58.1846,48.55,0.1863,15.92,27.1993,44.47,86.1034,"W"
0.59,12.21,92.54,-53.7688,7.34,0.0231,3.77,27.1993,44.47,86.1034,"W"
0.59,12.483,78.496,-55.3246,64.92,0.2888,13.96,27.1993,44.47,86.1034,"W"
0.59,13.006,81.268,-55.8667,11.91,0.0419,5.67,27.1993,44.47,86.1034,"W"
0.59,11.739,91.694,-53.6153,4.73,0.0207,3.09,27.1993,44.47,86.1034,"W"
0.59,9.236,135.563,-53.746,96.99,0.3768,26.62,27.1993,44.47,86.1034,"W"
0.59,7.345,198.517,-48.99,14.71,0.0371,9.68,27.1993,44.47,86.1034,"W"
0.59,9.289,163.707,-56.0761,9.04,0.0465,6.61,27.1993,44.47,86.1034,"W"
0.59,14.507,57.803,-63.3166,38.88,0.1289,11.19,27.1993,44.47,86.1034,"W"
0.59,12.623,96.734,-59.0835,13.63,0.047,5.66,27.1993,44.47,86.1034,"W"
0.59,12.419,87.11,-59.435,3.7,0.0079,2.67,27.1993,44.47,86.1034,"W"
0.59,6.606,187.922,-48.1551,16.67,0.0554,10.24,27.1993,44.47,86.1034,"W"
0.59,3.905,234.657,-67.9229,3.26,0.0083,5.75,27.1993,44.47,86.1034,"W"
0.59,11.202,53.449,-59.0961,1.55,0.0045,1.94,27.1993,44.47,86.1034,"W"
0.79,3.075,211.108,-41.2179,0.35,1e-04,4.44,22.2821,58.71,95.1002,"W"
0.79,1.695,244.072,-34.8498,0.67,0.0064,4.71,22.2821,58.71,95.1002,"W"
0.79,1.813,277.358,-33.7545,1.24,0.0045,3.17,22.2821,58.71,95.1002,"W"
0.79,2.437,300.034,-26.3217,2.22,0.0092,3.51,22.2821,58.71,95.1002,"W"
0.79,1.665,383.035,-19.397,6.63,0.0198,4.61,22.2821,58.71,95.1002,"W"
0.79,2.601,460.913,-18.3129,17.38,0.0649,7.23,22.2821,58.71,95.1002,"W"
0.79,5.575,435.459,-22.4612,20.67,0.0608,8.86,22.2821,58.71,95.1002,"W"
0.79,7.095,378.76,-24.7589,25.91,0.1763,9.74,22.2821,58.71,95.1002,"W"
0.79,6.395,389.096,-21.6791,57.05,0.2016,14.14,22.2821,58.71,95.1002,"W"
0.48,5.762,528.706,-12.1185,117.09,0.5419,21.01,21.4119,54.2,79.9357,"N"
0.48,5.438,717.858,0.8029,570.33,2.6853,63.17,21.4119,54.2,79.9357,"N"
0.48,4.886,900.701,12.3794,328.63,1.3807,38.2,21.4119,54.2,79.9357,"N"
0.48,3.648,937.78,19.0524,54.5,0.2164,13.78,21.4119,54.2,79.9357,"N"
0.48,3.332,780.969,9.1189,53.9,0.2494,13.84,21.4119,54.2,79.9357,"N"
0.48,4.133,723.013,-0.1588,113.29,0.594,20.34,21.4119,54.2,79.9357,"N"
0.48,2.955,756.756,3.75,37.76,0.0795,10.61,21.4119,54.2,79.9357,"N"
0.59,1.787,315.597,-44.8512,8.18,0.0313,1.73,27.1993,44.47,86.1034,"W"
0.59,7.429,207.169,-44.1364,30.7,0.1084,9.53,27.1993,44.47,86.1034,"W"
0.59,7.273,229.087,-47.8543,21.44,0.0772,6.6,27.1993,44.47,86.1034,"W"
0.59,5.68,318.63,-46.209,1.71,0.0077,1.63,27.1993,44.47,86.1034,"W"
0.59,5.534,382.851,-41.2453,5.68,0.024,2.21,27.1993,44.47,86.1034,"W"
0.59,8.986,289.436,-51.0056,27.73,0.1071,7.87,27.1993,44.47,86.1034,"W"
0.59,9.577,244.103,-53.7722,75.72,0.2523,15.62,27.1993,44.47,86.1034,"W"
0.59,8.144,247.993,-48.9466,19.42,0.0811,8.05,27.1993,44.47,86.1034,"W"
0.59,7.632,245.047,-48.9813,43.61,0.1294,10.6,27.1993,44.47,86.1034,"W"
0.59,2.862,347.72,-42.1699,3.69,0.0167,2.14,27.1993,44.47,86.1034,"W"
0.59,-1.549,395.553,-35.3944,2.06,0.0064,0,27.1993,44.47,86.1034,"W"
0.59,-1.312,437.762,-33.3397,1.86,0.0073,1.8,27.1993,44.47,86.1034,"W"
0.59,-0.892,532.037,6.9878,4.65,0.0157,3.61,27.1993,44.47,86.1034,"W"
0.59,6.087,346.693,-28.8682,10.69,0.0316,12.07,27.1993,44.47,86.1034,"W"
0.59,3.204,424.627,-38.409,17.81,0.0841,7.24,27.1993,44.47,86.1034,"W"
0.59,5.14,345.678,-26.6055,17.12,0.0431,10.62,27.1993,44.47,86.1034,"W"
0.59,6.709,243.417,-42.6598,1.56,0.0049,2.6,27.1993,44.47,86.1034,"W"
0.59,6.149,202.233,-54.927,1.45,0.0014,1.99,27.1993,44.47,86.1034,"W"
0.59,9.195,120.166,-89.589,0.28,0.0013,1.38,27.1993,44.47,86.1034,"W"
0.79,1.762,334.241,-28.9194,4.18,0.0318,3.02,22.2821,58.71,95.1002,"W"
0.79,1.318,396.141,-22.1451,1.87,0.0029,2.43,22.2821,58.71,95.1002,"W"
0.79,1.167,471.275,-16.7412,14,0.0521,3.47,22.2821,58.71,95.1002,"W"
0.79,3.105,486.161,-18.3912,7.94,0.0273,4.3,22.2821,58.71,95.1002,"W"
0.79,6.059,424.999,-19.9894,41.72,0.2527,10.44,22.2821,58.71,95.1002,"W"
0.48,5.785,417.874,-20.277,63.52,0.2962,14.28,21.4119,54.2,79.9357,"N"
0.48,5.383,488.272,-17.5357,81.57,0.451,20.5,21.4119,54.2,79.9357,"N"
0.48,5.046,617.639,-9.0768,245.25,1.0463,32.85,21.4119,54.2,79.9357,"N"
0.48,4.729,770.158,7.4438,251.36,1.1404,31.17,21.4119,54.2,79.9357,"N"
0.04,2.864,860.67,15.0669,48.68,0.1521,8.1,20.9219,57.4,60.1877,"N"
0.04,2.903,771.783,2.3342,115.25,0.6345,12.48,20.9219,57.4,60.1877,"N"
0.04,2.869,713.62,-3.5044,25.69,0.0558,2.9,20.9219,57.4,60.1877,"N"
0.59,-4.582,670.329,-43.6055,1.2,0.003,0.11,27.1993,44.47,86.1034,"W"
0.59,-1.102,574.001,-23.3168,6.79,0.03,1.38,27.1993,44.47,86.1034,"W"
0.59,0.542,526.202,-23.4393,5.79,0.0272,2.55,27.1993,44.47,86.1034,"W"
0.59,1.307,492.559,-16.2078,16.6,0.0702,4.2,27.1993,44.47,86.1034,"W"
0.59,-2.391,475.969,-19.2582,9.33,0.0399,5.79,27.1993,44.47,86.1034,"W"
0.59,-4.376,577.683,-30.154,2.3,0.0103,2.22,27.1993,44.47,86.1034,"W"
0.59,4.668,396.605,-20.7811,25.55,0.0875,14.37,27.1993,44.47,86.1034,"W"
0.59,7.892,303.118,-28.441,446.65,1.6974,56.17,27.1993,44.47,86.1034,"W"
0.59,8.253,258.182,-23.5877,12.62,0.0301,9.2,27.1993,44.47,86.1034,"W"
0.59,8.865,213.249,-24.6479,2.42,0.0055,2.12,27.1993,44.47,86.1034,"W"
0.59,7.318,205.175,-33.1821,0.5,0.0014,0,27.1993,44.47,86.1034,"W"
0.79,0.014,458.811,-17.3961,0.49,0.0023,1.19,22.2821,58.71,95.1002,"W"
0.79,-0.648,543.63,-8.8611,1.25,0.0045,2.74,22.2821,58.71,95.1002,"W"
0.79,1.333,585.513,-5.5415,6.67,0.0251,2.97,22.2821,58.71,95.1002,"W"
0.79,4.645,572.737,-15.335,63.99,0.2658,18.55,22.2821,58.71,95.1002,"W"
0.48,5.162,540.766,-19.224,88.6,0.3614,21.68,21.4119,54.2,79.9357,"N"
0.04,4.624,550.999,-18.0621,97.05,0.3538,16.26,20.9219,57.4,60.1877,"N"
0.04,4.535,626.902,-13.3263,161.77,0.7329,18.64,20.9219,57.4,60.1877,"N"
0.04,3.906,730.209,-1.5011,742.32,2.7137,55.48,20.9219,57.4,60.1877,"N"
0.04,3.08,804.359,12.889,95.51,0.3716,15.04,20.9219,57.4,60.1877,"N"
0.04,2.416,777.951,3.569,73.11,0.1514,9.5,20.9219,57.4,60.1877,"N"
0.04,3.078,693.976,-2.0756,92.46,0.4386,17.09,20.9219,57.4,60.1877,"N"
0.59,7.906,360.861,-23.3765,75.05,0.3176,16.16,27.1993,44.47,86.1034,"W"
0.59,5.501,470.364,-20.6592,31.04,0.0942,9.4,27.1993,44.47,86.1034,"W"
0.59,1.168,538.239,-32.254,9,0.0298,4.99,27.1993,44.47,86.1034,"W"
0.59,7.759,286.03,-43.0577,70.95,0.2684,25.56,27.1993,44.47,86.1034,"W"
0.59,8.627,209.309,-42.7478,91.58,0.354,33.95,27.1993,44.47,86.1034,"W"
0.59,7.846,209.367,-41.2886,3.14,0.0037,0.99,27.1993,44.47,86.1034,"W"
0.59,7.018,213.234,-32.865,0.27,0.003,0.67,27.1993,44.47,86.1034,"W"
0.59,5.861,217.816,-34.1788,0.44,1e-04,1.57,27.1993,44.47,86.1034,"W"
0.79,-0.955,721.65,5.941,6.04,0.0138,4.11,22.2821,58.71,95.1002,"W"
0.79,3.185,704.494,-7.0841,21.11,0.0991,6.31,22.2821,58.71,95.1002,"W"
0.04,4.568,651.073,-15.6528,105.23,0.4225,14.89,20.9219,57.4,60.1877,"N"
0.04,4.105,633.07,-14.982,152.92,0.641,24.49,20.9219,57.4,60.1877,"N"
0.04,3.908,652.136,-12.4277,231.83,0.7335,18.28,20.9219,57.4,60.1877,"N"
0.04,3.312,700.843,-1.3348,251.53,0.8265,22.86,20.9219,57.4,60.1877,"N"
0.04,2.572,767.103,7.3047,75.47,0.2728,10.03,20.9219,57.4,60.1877,"N"
0.04,2.965,739.225,1.9563,68.11,0.2491,14.35,20.9219,57.4,60.1877,"N"
0.04,3.791,700.286,-3.8722,200.43,0.6664,18.83,20.9219,57.4,60.1877,"N"
0.04,4.356,731.151,-3.316,59.84,0.249,12.99,20.9219,57.4,60.1877,"N"
0.04,2.484,767.148,1.3221,34.16,0.1511,10.23,20.9219,57.4,60.1877,"N"
0.59,5.447,434.624,-31.9006,100.79,0.2848,16.22,27.1993,44.47,86.1034,"W"
0.59,7.987,348.743,-40.9986,35.3,0.1189,16.54,27.1993,44.47,86.1034,"W"
0.59,9.455,276.265,-45.3542,3.8,0.0093,2.2,27.1993,44.47,86.1034,"W"
0.59,9.574,233.909,-46.0544,46.34,0.151,16.58,27.1993,44.47,86.1034,"W"
0.59,9.046,155.67,-46.8554,8,0.0225,2.16,27.1993,44.47,86.1034,"W"
0.59,7.671,139.608,-45.6912,0,0,0.65,27.1993,44.47,86.1034,"W"
0.59,6.3,164.036,-43.9668,0.42,8e-04,0.21,27.1993,44.47,86.1034,"W"
0.59,5.58,183.954,-39.8232,1.87,0.004,3.15,27.1993,44.47,86.1034,"W"
0.59,2.08,274.681,-37.2305,6.98,0.0228,6.47,27.1993,44.47,86.1034,"W"
0.79,1.155,443.322,-28.8944,1.11,0.0085,1.72,22.2821,58.71,95.1002,"W"
0.79,0.195,509.692,-26.1662,2.81,0.0091,5.76,22.2821,58.71,95.1002,"W"
0.79,-1.611,641.019,-10.9254,0.98,0.0039,3.18,22.2821,58.71,95.1002,"W"
0.79,-1.844,763.057,1.847,2.73,0.0112,2.13,22.2821,58.71,95.1002,"W"
0.79,2.042,752.192,-3.8937,26.63,0.1193,7.75,22.2821,58.71,95.1002,"W"
0.04,3.963,686.246,-11.4125,160.72,0.6711,19.23,20.9219,57.4,60.1877,"N"
0.04,3.233,654.732,-7.5582,116.83,0.3333,16.87,20.9219,57.4,60.1877,"N"
0.04,2.491,688.332,-6.2775,144.87,0.5279,11.62,20.9219,57.4,60.1877,"N"
0.04,2.3,709.456,1.7693,172.49,0.5995,18.53,20.9219,57.4,60.1877,"N"
0.04,1.197,783.862,8.85,34.81,0.1427,5.2,20.9219,57.4,60.1877,"N"
0.04,2.788,741.34,1.8164,148.76,0.521,14.52,20.9219,57.4,60.1877,"N"
0.04,4.058,730.013,-0.387,150.78,0.4879,15.35,20.9219,57.4,60.1877,"N"
0.04,4.306,741.888,-4.0882,47.45,0.1759,9.75,20.9219,57.4,60.1877,"N"
0.04,2.609,765.792,2.3005,26.29,0.0679,12.49,20.9219,57.4,60.1877,"N"
0.59,1.412,546.888,-34.2172,8.11,0.0334,4.57,27.1993,44.47,86.1034,"W"
0.59,4.265,447.624,-34.8537,6.28,0.0242,3.64,27.1993,44.47,86.1034,"W"
0.59,6.286,345.626,-35.6023,7.88,0.0255,6.41,27.1993,44.47,86.1034,"W"
0.59,7.672,214.12,-42.6148,3.81,0.0113,4.07,27.1993,44.47,86.1034,"W"
0.59,6.295,180.511,-43.5453,3.81,0.0138,3.85,27.1993,44.47,86.1034,"W"
0.59,6.437,149.167,-45.2517,11,0.0348,8.08,27.1993,44.47,86.1034,"W"
0.59,4.647,228.948,-40.9176,4.38,0.0185,4.26,27.1993,44.47,86.1034,"W"
0.59,-1.905,439.504,-38.6683,3.87,0.0117,1.5,27.1993,44.47,86.1034,"W"
0.79,-0.483,470.393,-27.1084,6.03,0.0398,2.17,22.2821,58.71,95.1002,"W"
0.79,-0.136,494.574,-23.2739,9.7,0.0335,4.37,22.2821,58.71,95.1002,"W"
0.79,-1.292,615.097,-16.6229,44.45,0.1864,8.77,22.2821,58.71,95.1002,"W"
0.79,-2.124,741.379,-4.9737,21.01,0.1056,2.69,22.2821,58.71,95.1002,"W"
0.79,0.258,753.331,1.8327,5.25,0.0129,2.19,22.2821,58.71,95.1002,"W"
0.79,2.29,694.524,-2.0886,36,0.1243,9.23,22.2821,58.71,95.1002,"W"
0.04,1.652,676.081,-2.3235,98.04,0.3681,14.45,20.9219,57.4,60.1877,"N"
0.04,1.156,706.179,-2.2785,112.94,0.3752,15.4,20.9219,57.4,60.1877,"N"
0.04,0.874,743.544,4.2622,11.76,0.0214,1.76,20.9219,57.4,60.1877,"N"
0.04,0.828,781.719,17.145,40.1,0.152,5.92,20.9219,57.4,60.1877,"N"
0.04,1.833,757.016,12.2425,74.86,0.2835,5.75,20.9219,57.4,60.1877,"N"
0.04,3.482,684.258,5.0865,47.47,0.1712,14.1,20.9219,57.4,60.1877,"N"
0.04,2.593,715.736,4.2422,61.28,0.2049,12.38,20.9219,57.4,60.1877,"N"
0.04,1.069,773.425,5.0919,20.72,0.0682,8.67,20.9219,57.4,60.1877,"N"
0.59,6.341,394.849,-28.7673,35.14,0.1256,17.83,27.1993,44.47,86.1034,"W"
0.59,4.486,303.477,-39.7084,7.41,0.0217,4.34,27.1993,44.47,86.1034,"W"
0.59,5.517,240.634,-43.7497,13.76,0.0433,9.02,27.1993,44.47,86.1034,"W"
0.59,0.857,421.034,-40.5785,12.87,0.0398,3.23,27.1993,44.47,86.1034,"W"
0.79,-1.668,620.402,-12.9739,5.4,0.0234,2.96,22.2821,58.71,95.1002,"W"
0.79,-3.174,762.145,-3.0464,7.96,0.0248,2.18,22.2821,58.71,95.1002,"W"
0.79,-1.589,775.915,4.7723,2.33,0,0.71,22.2821,58.71,95.1002,"W"
0.79,0.585,723.106,3.9663,10.1,0.0512,4.26,22.2821,58.71,95.1002,"W"
0.79,0.696,713.556,-1.7593,48.32,0.1794,6.25,22.2821,58.71,95.1002,"W"
0.04,0.614,719.994,2.8535,15.4,0.0633,4.07,20.9219,57.4,60.1877,"N"
0.04,-0.082,698.155,5.3531,10.62,0.016,1.55,20.9219,57.4,60.1877,"N"
0.04,-1.603,697.046,12.3041,12.53,0.0368,2.41,20.9219,57.4,60.1877,"N"
0.04,0.037,718.716,13.739,8.28,0.05,5.29,20.9219,57.4,60.1877,"N"
0.04,-0.479,807.558,4.3118,14.52,0.0593,8.3,20.9219,57.4,60.1877,"N"
0.59,7.009,272.037,-39.5184,12.28,0.0345,10.45,27.1993,44.47,86.1034,"W"
0.59,2.075,454.561,-41.0434,4.63,0.0181,4.87,27.1993,44.47,86.1034,"W"
0.79,-2.328,641.241,-5.6221,3.44,0.0045,3.06,22.2821,58.71,95.1002,"W"
0.79,-3.817,771.725,4.4558,8.85,0.0403,3.23,22.2821,58.71,95.1002,"W"
0.79,-2.543,803.965,7.4661,4.1,0.0191,2.95,22.2821,58.71,95.1002,"W"
0.79,-0.393,768.27,7.3335,20.17,0.0907,4.48,22.2821,58.71,95.1002,"W"
0.04,-0.052,744.494,3.3486,6.61,0.0194,2.14,20.9219,57.4,60.1877,"N"
0.04,-0.534,717.738,2.7789,20.74,0.1579,6.7,20.9219,57.4,60.1877,"N"
0.79,-3.531,645.138,0.5822,1.78,0.0139,3.8,22.2821,58.71,95.1002,"W"
0.79,-4.491,742.364,4.836,3.52,0.011,1.78,22.2821,58.71,95.1002,"W"
0.04,-3.859,816.029,8.3165,2.27,0.0019,0.17,20.9219,57.4,60.1877,"N"
0.79,-1.744,791.483,9.1987,6.72,0.019,1.72,22.2821,58.71,95.1002,"W"
0.79,-1.043,720.883,4.0826,1.53,0.0015,0.97,22.2821,58.71,95.1002,"W"
0.04,-1.424,688.293,0.8042,2.67,0.0149,3.52,20.9219,57.4,60.1877,"N"
0.04,-5.035,663.926,4.0089,1.55,0.0033,0.86,20.9219,57.4,60.1877,"N"
0.04,-4.096,729.103,6.5105,6.16,0.0274,0.03,20.9219,57.4,60.1877,"N"
0.04,-2.788,697.17,7.312,8.18,0.0305,2.19,20.9219,57.4,60.1877,"N"
0.04,-1.751,603.699,2.3688,6.03,0.0159,2.51,20.9219,57.4,60.1877,"N"
0.04,-5.17,572.93,0.4524,6.53,0.027,3.34,20.9219,57.4,60.1877,"N"
0.04,-2.711,580.445,2.6397,2.23,0.0075,4.48,20.9219,57.4,60.1877,"N"
0.04,-2.387,562.742,4.886,2.43,0.0018,3.75,20.9219,57.4,60.1877,"N"
