normal,t,uniform,gamma
-31.075001137726105,-36.81489989435975,-17.163511871848428,-13.82892512204624
-28.421654843754332,-34.40735903230753,-17.13201534743836,-13.57400708608921
-27.073527341854437,-32.0518592471343,-17.116510597230086,-13.550335478440052
-24.329449689740894,-26.52880200728546,-16.997210471179148,-13.035609063095137
-24.187335491359278,-25.467364273852475,-16.858823350921348,-12.986674370658417
-23.857094705643544,-25.15153827978148,-16.852201547746436,-12.654935307033758
-23.570918393436287,-24.96702938162329,-16.76840169452712,-12.610884205374152
-22.677184163622307,-24.387561040298603,-16.76009356776358,-12.605627721508055
-22.47351906520546,-23.40309456518124,-16.747812145184767,-12.573800237798007
-21.808189532243777,-22.942176444919433,-16.654613575975123,-12.44066782774453
-20.507121651028257,-22.42618933996548,-16.497830637361258,-12.403922818841577
-20.280573266731725,-22.24624775279707,-16.34378307858291,-12.270456920733796
-19.989288905356204,-21.703883372592458,-16.34208291328188,-12.2603760932229
-19.091144617517823,-21.511440702468065,-16.296500226203673,-12.257134558951844
-18.94981149521596,-21.233130770551387,-16.251312435529137,-12.228747195120544
-18.819717574949166,-21.084889512114415,-16.211624949581104,-12.210485636519909
-18.76837772512467,-20.87061164028453,-16.160176594210938,-12.111329811344977
-18.580128389605665,-20.613469821998205,-16.151247158017707,-12.105238838281396
-18.348146182318782,-20.439723147007108,-16.118788800226206,-12.057095288878221
-18.294765237621558,-20.20474739969967,-16.110652620819565,-12.035880202500644
-18.21532094229383,-19.765311519106646,-16.07495490340344,-12.031532439896854
-18.069835994418476,-19.182654508305305,-16.06050979710176,-12.018056152248741
-18.060868013329518,-18.598428136794645,-15.97186396219855,-11.962244609808323
-18.05003562475173,-18.31005881330976,-15.891343303537809,-11.959113507699687
-17.75567524080653,-18.264443902008047,-15.881076718370423,-11.929676132954938
-17.461557023274942,-17.938086672082303,-15.860913882901336,-11.92559520526654
-17.439705032547376,-17.838916610539574,-15.847242041373228,-11.898633884036338
-17.373565333125892,-17.757712091452127,-15.818706707099647,-11.896483156295988
-17.329138695293324,-17.225938679006347,-15.813463779113992,-11.858000170599531
-17.31142723427427,-17.156448818561515,-15.771171920398142,-11.80624055509864
-17.204474390092738,-16.99342982176725,-15.624831177703415,-11.77678477257981
-17.139415549568238,-16.986395072642726,-15.559987234712388,-11.762730013615512
-17.023773954840934,-16.727852878893678,-15.5585966773411,-11.739149878540553
-16.924376404674472,-16.6053692891434,-15.511936090886959,-11.737741773603123
-16.896162126298037,-16.108715506613507,-15.466100957794156,-11.678061422172988
-16.646038687101115,-16.071770932185387,-15.429104284061665,-11.666354104662961
-16.56657588487626,-16.009936122822243,-15.378204011280001,-11.637756766321614
-16.443429514811886,-15.841366412804138,-15.372417130376464,-11.62116238021893
-16.42217385090513,-15.454314775815504,-15.279642962309525,-11.618781803603467
-16.26844080354131,-15.452269909771331,-15.273561114783632,-11.537995270799794
-16.15649810513766,-15.452042218490439,-15.232663219956532,-11.53145418070515
-16.116928588767387,-15.065289639221579,-15.19933975381013,-11.472451130570375
-15.796595142661708,-14.590129339630076,-15.186568933479489,-11.371996669510478
-15.540417582154047,-14.587241618879396,-15.132801716971336,-11.342237562451762
-15.518562782269594,-14.537944212765854,-15.097284489477122,-11.333942972971906
-15.487308818558663,-14.45396525414042,-15.087260098631264,-11.331183847504473
-15.467018472903007,-14.427209729750155,-15.056483337566489,-11.300422404925827
-15.33907371563121,-14.3970723003847,-14.901420572584605,-11.257057569750355
-15.320536518929025,-14.393674425700539,-14.870125475544391,-11.24666250097812
-15.071569041062208,-14.171461838883594,-14.84698372554162,-11.235674552270908
-14.991990262128095,-14.168851552249981,-14.802535246078495,-11.190153771628516
-14.92315414009907,-13.98009372452599,-14.777878411161659,-11.166047203788882
-14.86223529018265,-13.966191206896863,-14.669387592966313,-11.157391581764827
-14.81998791597408,-13.650389567009286,-14.658271306916788,-11.120627776664811
-14.74818227236167,-13.648130153762576,-14.623875135507266,-11.057114525621056
-14.61349523848159,-13.63668611760217,-14.617557132473362,-11.002471656448945
-14.328202515117937,-13.579384656088667,-14.594388103342922,-10.999860240081512
-14.298136360991354,-13.535784978823191,-14.570305378777125,-10.99531156292661
-14.152723933441568,-13.533738296653793,-14.464895672398782,-10.850714228197083
-13.998537828648377,-13.270239151076149,-14.447711925519933,-10.84539004719989
-13.932898872718107,-13.128346503591487,-14.356644715129587,-10.807911646477663
-13.791361431624875,-13.055164375825083,-14.258418038166871,-10.80105280969558
-13.774596255636817,-13.037353241389706,-14.126371871401291,-10.719805358497927
-13.7745047043168,-12.93773530611456,-14.080435230754327,-10.662926532022636
-13.460916773098578,-12.526157092765636,-14.076661653783255,-10.662624910935412
-13.406411727201883,-12.522300865909903,-13.987173108199954,-10.659974546787549
-13.230276446318697,-12.400062092247488,-13.92683755375016,-10.586897865169302
-13.127033034154387,-12.341315678236182,-13.891527998402498,-10.538888142695939
-12.988202543835959,-12.317027629007562,-13.855727003436266,-10.536689849066722
-12.950606332345021,-12.296677591105038,-13.726555367748972,-10.533811700969853
-12.919504148367956,-12.235860014570761,-13.644268308083056,-10.511251162890318
-12.675498162919075,-12.208771616082505,-13.631616407502296,-10.480856178864355
-12.652906680626677,-12.191558087767774,-13.618891968988041,-10.430229072326043
-12.63856555579361,-12.16014428476064,-13.59481804559026,-10.411032707375998
-12.634873145600993,-12.05690758635746,-13.514393562473046,-10.375775254099068
-12.54579966287817,-11.969775042524534,-13.357145616265445,-10.277023647890255
-12.453775130635638,-11.884163371696019,-13.287205465330825,-10.275899646796828
-12.447192602822788,-11.797407307696457,-13.239938939159178,-10.262325046298852
-12.428563726821118,-11.789219610040512,-13.238473736884275,-10.222666088472842
-12.385228068145853,-11.756579355494956,-13.206504948832325,-10.192433168912858
-12.362057116788405,-11.722686740585038,-13.198236075548518,-10.186004750322095
-12.281719044836537,-11.687632266756822,-13.157437433205539,-10.173453748766189
-12.240248266060421,-11.645173979202987,-13.140279637619889,-10.149513085392524
-12.138244286330544,-11.577745757856071,-13.109223190159208,-10.142883050695126
-12.127471717496526,-11.496272312867166,-13.072390806962028,-10.085738009696527
-12.107926881289428,-11.471992314320804,-13.043088870441215,-10.052329874135983
-12.092442466658596,-11.443918724998545,-12.999868459554513,-10.032477962891322
-11.901584809228646,-11.403519434295148,-12.89979789901424,-10.016543518031163
-11.808752041513982,-11.39587462736997,-12.857921256221703,-9.894201675443997
-11.781116573980386,-11.391540880610226,-12.851256890336622,-9.88575476046163
-11.69554727806088,-11.371061094772655,-12.706733882242457,-9.766432043951895
-11.629958995151135,-11.205457291218277,-12.661546962035056,-9.725837009602573
-11.573783468811804,-11.176064210153866,-12.637414259934388,-9.711662649285856
-11.474085878582157,-11.151445161460131,-12.547837775385254,-9.697198809961506
-11.378746580489675,-10.891180937989049,-12.540608874862336,-9.597852899348098
-11.097358894069929,-10.799322571487608,-12.480975651154637,-9.559142381312588
-10.994804797134767,-10.772710354192883,-12.334024475881666,-9.553817918646718
-10.872312773014563,-10.69081980797716,-12.313395708736738,-9.512467719866807
-10.831323537541085,-10.669168978492621,-12.177799503398962,-9.501975446926041
-10.768006265584662,-10.496467756609222,-12.121937526354516,-9.459971209087458
-10.704569676790337,-10.443210668738345,-12.102840342460318,-9.450816133663333
-10.676329545974115,-10.438219186972386,-12.033079544474557,-9.429714012448168
-10.666004246927558,-10.241691720435501,-11.965882162599152,-9.408436140212888
-10.658638411198964,-10.221108905489567,-11.93962621618577,-9.34952561648732
-10.657888858735268,-10.172022449368912,-11.907385310321551,-9.294986817218353
-10.608946342350048,-10.1366411940953,-11.728694532603104,-9.267194195230761
-10.578066710425063,-10.073064874924762,-11.72232844852438,-9.186128952237603
-10.471728491986136,-9.97961888616023,-11.716973616310806,-9.166968407008302
-10.468700082940508,-9.93292026438753,-11.71427440050907,-9.165983218416313
-10.377437237484914,-9.875968165558431,-11.62692974242894,-9.150981634777919
-10.360877038403,-9.8729769050132,-11.398645650525992,-9.142084245058218
-10.339953025221824,-9.84940478377473,-11.375821061522045,-9.096376430554159
-10.323183244439457,-9.844043315654204,-11.324290017883754,-9.023960470079794
-10.307319360231734,-9.836823040820628,-11.320501606004107,-8.994551946812312
-10.300090527223812,-9.81879364155105,-11.302509487699677,-8.990390940426945
-10.276079742551579,-9.771537710639613,-11.29618365478172,-8.90229049361044
-10.23648538369191,-9.715404681118912,-11.286296611261005,-8.892744898869395
-10.201963604246396,-9.672455268264885,-11.183333219892994,-8.848651633305213
-10.03644199827348,-9.56704071216539,-11.167621019085566,-8.811966268713018
-9.977536665951934,-9.517024012792707,-11.160940492003327,-8.73721275623936
-9.931546960098528,-9.488485066947344,-11.159789844975753,-8.722362689791845
-9.883276559815835,-9.465823966579647,-11.10616475124597,-8.698835001505476
-9.805863275593762,-9.341830207512732,-10.938191185020564,-8.68331390430934
-9.736457501588646,-9.310756266651714,-10.91060495623395,-8.651594652636721
-9.719127440609219,-9.290821423292062,-10.893336919133805,-8.62969722103372
-9.707224453999594,-9.259080715886666,-10.854172317461433,-8.612888897481547
-9.692185623480173,-8.984955440001949,-10.786773412954478,-8.594769852382209
-9.640590826965706,-8.957211616437684,-10.76190579362671,-8.559429837192567
-9.59897803345455,-8.927888612225965,-10.75955947866424,-8.547975817169242
-9.588070730379663,-8.85406438953649,-10.74475118963774,-8.520544157091507
-9.562432948607496,-8.766733511953774,-10.738442219751228,-8.507335339630423
-9.53405763491871,-8.661978753785455,-10.683727250273732,-8.473141360976156
-9.529212030328907,-8.653639925248255,-10.665033757362032,-8.457597765276716
-9.524536434140993,-8.621853942543762,-10.647088024117481,-8.407980431016135
-9.511313619794318,-8.619691014324706,-10.623811867986454,-8.362141351778124
-9.472153943582054,-8.47295602582253,-10.581617940579486,-8.33669033960564
-9.4289744013611,-8.471295986809546,-10.396539022676103,-8.331217414819621
-9.317788082182725,-8.453052237048848,-10.391565312539505,-8.310229289953524
-9.250448316341167,-8.432843572053809,-10.352621655255206,-8.273198170558814
-9.24677770052162,-8.410607400534353,-10.337041300952743,-8.147478300327547
-9.148728330174844,-8.291001329789246,-10.314672301933726,-8.140612995275593
-9.121483523363866,-8.269152396104309,-10.300405857112365,-8.126563535119468
-9.085132188775177,-8.257530719494541,-10.25475983191599,-8.115048411325033
-9.002940736701689,-8.193109802275314,-10.150576214153249,-8.114517785606687
-8.733447188781401,-8.11493464890851,-10.106545227100323,-8.070097573744317
-8.721516205872963,-8.075458127906538,-9.730057007163937,-8.05445026595086
-8.677754425095708,-8.023099647757368,-9.65594612019286,-8.021111248203024
-8.660567524261625,-7.854022275066956,-9.65005380173967,-8.000355816820289
-8.605764390492576,-7.8184103070686115,-9.622274749272385,-7.99913821850998
-8.538565041126095,-7.785220347337235,-9.573887531178183,-7.9840546719057315
-8.512700487369301,-7.770351838406907,-9.548621712649219,-7.945254359322156
-8.48740129934933,-7.7545033874668565,-9.467322907395527,-7.876403522422834
-8.456732944233705,-7.738157694743132,-9.412339402139274,-7.791775153217149
-8.285480004262855,-7.65766976041956,-9.36623741889534,-7.755009572148376
-8.154313509982241,-7.591473822337862,-9.36214022356544,-7.717427001043696
-7.983864278417066,-7.316315038293632,-9.288809838965257,-7.706392904274874
-7.816175232016553,-7.300659577959516,-9.208987478899669,-7.691409753489595
-7.683694375421817,-7.139010438970272,-9.191369357926423,-7.674877058123309
-7.6569101422817765,-7.130468675818756,-9.184369691310836,-7.642180380582129
-7.473146659456583,-7.103494045900664,-9.144954468501755,-7.615127040739173
-7.349839536877457,-7.053929190683758,-9.132495112641095,-7.611819814876308
-7.3446915570069295,-6.9364830001775175,-9.10949094141467,-7.5927621502435025
-7.344628806272089,-6.922255762233106,-9.007946947872082,-7.588312854105324
-7.330093048397771,-6.800257017997202,-8.983687424130956,-7.581122623517588
-7.307829796546608,-6.751675583764508,-8.97465749599994,-7.548202114773442
-7.281881914333702,-6.513182756122172,-8.94781412789651,-7.537307051941113
-7.268515833801645,-6.500362846049111,-8.797825527155513,-7.45171881186767
-7.267570413908214,-6.446908502794415,-8.653610239627083,-7.443122351132375
-7.253377907138244,-6.35522645693653,-8.61848943546659,-7.439386785636922
-7.1996627062207486,-6.346751672488602,-8.617320965216305,-7.335373541984484
-7.145477073680086,-6.256541234029951,-8.61227987516687,-7.327512698290155
-7.12538435286774,-6.247468745461071,-8.577924330929838,-7.307472549284514
-7.084516544822964,-6.1641066482123446,-8.50950363273623,-7.2608114847687935
-7.066181865839183,-6.104232562179709,-8.472806437813116,-7.191043534344316
-6.633375678556498,-6.039353779764346,-8.379522940930373,-7.175316992169863
-6.607435686846836,-6.026257972444937,-8.371497351630104,-7.142102888216066
-6.597837211750759,-5.983388493098095,-8.360707453099577,-7.127918005196058
-6.567106858802657,-5.975293458389911,-8.27933744078465,-7.0941661244374
-6.554785018996762,-5.894546957629766,-8.202606602090652,-7.084384185404274
-6.550761149002686,-5.795531132512373,-8.096443523867796,-7.056584041531258
-6.504181244526941,-5.79292691027889,-8.09473791351973,-7.018301191062358
-6.45608413080267,-5.774525448611808,-8.068415337378337,-6.998032163504018
-6.388461708430471,-5.642718799383322,-8.067670472200913,-6.997767417323067
-6.339955992529141,-5.599302517060635,-8.039885253618369,-6.9951766283984
-6.235448676462987,-5.535872720031989,-8.017558191622793,-6.9905685300449765
-6.220232725139575,-5.481767393775582,-7.985147997395803,-6.969885178436336
-6.1741854863503365,-5.431462313174853,-7.94946702843368,-6.967392434232873
-6.135308390770185,-5.367917864526458,-7.890639344757902,-6.966965115445014
-5.925951540101581,-5.355390046252591,-7.85169542443204,-6.934020059802176
-5.8775745551253955,-5.3503683739828,-7.7955475134375725,-6.9068353012831665
-5.79520846896325,-5.307330228980476,-7.779400032345009,-6.891472323335178
-5.71419859701567,-5.296362146676854,-7.746754113443787,-6.882457489533099
-5.695176926067003,-5.267688152110801,-7.739808368738045,-6.868960349171665
-5.638890448346901,-5.260852561944401,-7.732586669434447,-6.832180064887615
-5.61259276931839,-5.196739114781143,-7.671881056540118,-6.816514282076469
-5.537476630356855,-5.179693185556672,-7.657506628120453,-6.8142034855021825
-5.527838997348743,-5.117334469237021,-7.633409883267466,-6.774425653708953
-5.526535520789697,-5.108504655416337,-7.6137936353266555,-6.772014059949102
-5.525801421411398,-5.0688242217228225,-7.464990903234604,-6.737305642649675
-5.50675640026018,-5.0042415855309,-7.454116813701588,-6.736910101297844
-5.433055996354764,-4.938664304338133,-7.452524068130229,-6.722126881239589
-5.396901669363798,-4.868022336079339,-7.419474636799094,-6.718043773042517
-5.382206534078763,-4.826979139679947,-7.233950336465757,-6.689037075632464
-5.367240342693364,-4.775585127250347,-7.1468909642351015,-6.674251379592419
-5.219256945199293,-4.768662942597902,-7.142356188006575,-6.664119162132426
-5.213226119802475,-4.736036070899039,-7.125025392192339,-6.567065707365375
-5.153191360352462,-4.714604566111152,-7.038064978403762,-6.512816132253603
-5.125238286715287,-4.68095521687242,-7.031735694515703,-6.512078528728026
-5.098108000450802,-4.679396143613145,-6.998492214980012,-6.499982539016332
-5.096575416568088,-4.667737734726477,-6.98406580335633,-6.4764111044705555
-5.091891667231571,-4.483255600979508,-6.9603440322147305,-6.403705236954233
-5.071555619387745,-4.481457831215345,-6.921606891788274,-6.370335800559816
-5.039443999045333,-4.436275066660904,-6.8195538204658845,-6.354830060426471
-4.954901462926043,-4.403121926020913,-6.764235722020199,-6.279060140616643
-4.902643405515146,-4.355779554979248,-6.647445792294234,-6.265296966138369
-4.8869914083487425,-4.339197777622333,-6.622556811645033,-6.24035472329901
-4.85197387896521,-4.305679368806717,-6.615285068608938,-6.228753961408001
-4.798137147193838,-4.235534700487085,-6.60691400465536,-6.202145686372779
-4.760657222151388,-4.22376993288241,-6.577059554322878,-6.19241996024564
-4.689838387716928,-4.204625435440612,-6.560930200528254,-6.190034046723454
-4.651265847786489,-4.06564148686501,-6.557886568776468,-6.1856477215040595
-4.646063259603596,-3.967421353539031,-6.505514672383802,-6.1505422895116855
-4.60684787882292,-3.965261144162335,-6.47650766803001,-6.143938486565919
-4.529478608521299,-3.953187053912873,-6.444757735224629,-6.048339726021168
-4.486789052728584,-3.9322983948918573,-6.437804828804272,-6.005848287117721
-4.304742673816676,-3.9185494789468196,-6.435640958590479,-5.987553357012975
-4.294127539093207,-3.8619838601886682,-6.40663074886821,-5.976301814758031
-4.287437681156774,-3.8480275146401492,-6.396986947408736,-5.93473486221309
-4.258637920056043,-3.8413463727709867,-6.331097463481779,-5.888284544815663
-4.196128199504753,-3.8388074888859625,-6.233764576933554,-5.86403053002895
-4.117264949162573,-3.835353130748475,-6.090049865245371,-5.828410540397648
-4.1022934885621725,-3.834057345417766,-6.066279024566418,-5.7940964402602315
-3.9710396325959323,-3.830270655052504,-5.847232428570024,-5.750750678295656
-3.9426303399250133,-3.8062944992240118,-5.706549150829781,-5.716226388752236
-3.8251019961075476,-3.767840092464421,-5.647179404867475,-5.632571200396253
-3.8177552618608344,-3.7517398714557793,-5.628635423376024,-5.603920168328126
-3.7407484073993396,-3.6884978981147776,-5.579817512618011,-5.498116181702607
-3.66387538312361,-3.6783803783908438,-5.53010998554017,-5.4825084502692745
-3.5509344525773123,-3.678021572578807,-5.500413621821984,-5.404236888326837
-3.527404422753115,-3.6664450748848147,-5.459307729598556,-5.381474197227199
-3.513899483167368,-3.649821342389497,-5.378129945582819,-5.3785851179138735
-3.501156926447824,-3.5756840007838306,-5.330900680869917,-5.3620877364507615
-3.4919772361901047,-3.5600087224892762,-5.324328144088889,-5.354023973206644
-3.4898801772489536,-3.5185660565856454,-5.246513879639338,-5.306268902068437
-3.46490853982678,-3.451812864506736,-5.23895974616909,-5.256838024104974
-3.3734801010911104,-3.4198399586942907,-5.161439203624917,-5.2511795813887225
-3.370316825691582,-3.4069667729916695,-5.153259379032795,-5.250780598149101
-3.36226075175255,-3.3767467245868845,-5.127581762363373,-5.208388776919373
-3.341832802788633,-3.3715732684988713,-5.110513399111825,-5.200267117891446
-3.3253006808771604,-3.362434170730963,-5.054626451161674,-5.179026883080217
-3.321401555081882,-3.2792319223051587,-5.016289859991508,-5.11676282750678
-3.2502672501527834,-3.2330984166638848,-4.999179754451614,-5.068299055139366
-3.246972746402184,-3.1874125100582864,-4.979698466700525,-5.026398489144364
-3.219593946653452,-3.170414104352957,-4.924138582237783,-5.0024448100448184
-3.2119718827957335,-3.16084051524801,-4.915086230873592,-4.976917548320554
-3.172908463323918,-3.109099909832844,-4.736022333868165,-4.959239966518392
-3.120644476257417,-3.1031715002628815,-4.735103699924606,-4.957475458111115
-3.1081473490833145,-3.1009456648283953,-4.544679416558473,-4.927230637419981
-3.103508236965908,-3.0885253026292157,-4.45780940498228,-4.911121358449776
-3.0907669101534028,-3.059419406277713,-4.402758543101719,-4.90006436278926
-3.0485745646244404,-3.0548910715739934,-4.355194124596015,-4.898334579384949
-3.039335286130092,-3.0327692650006903,-4.313289939528946,-4.861602459378968
-2.992553969058154,-3.02381569910662,-4.287150754652072,-4.847604829736615
-2.964391010981964,-2.9378424380997403,-4.271429789653155,-4.793726198508208
-2.8558598240769357,-2.900693502179235,-4.232248639252452,-4.777581068108225
-2.829913980630634,-2.8806701350233848,-4.220803987684004,-4.774605792008365
-2.829419616071765,-2.851600570431632,-4.211191390760201,-4.722511801274115
-2.7504861170079065,-2.766342507950184,-4.127187743259947,-4.668317184967216
-2.6822117262833793,-2.7322322667410273,-4.12690252339618,-4.661834738813835
-2.6617275014452075,-2.699591360545228,-4.106628325211509,-4.652698840383529
-2.63748412811932,-2.6511575014623343,-4.097103605028282,-4.631678161728117
-2.6147416994284933,-2.6262988125062474,-4.074788661312306,-4.598364790191291
-2.6132393132060754,-2.5507894742658355,-4.04683469258711,-4.580638150848722
-2.5684846716150678,-2.470242519599624,-3.9819984358586566,-4.5670656233998415
-2.4254670491698658,-2.4483922549237684,-3.888504430434975,-4.566135448334808
-2.3817910684874617,-2.395181118889769,-3.7946773615533536,-4.4348482653668775
-2.3410382937000325,-2.3949614276638256,-3.7609723689117924,-4.434532722043781
-2.27678264375107,-2.3923365778599006,-3.7373241737710075,-4.355186968565898
-2.2618116799823755,-2.388656572923136,-3.7263970060687206,-4.301206796759827
-2.2334669048664484,-2.382590989945679,-3.7056181256266725,-4.29034906433729
-2.2101761247785263,-2.369632402553175,-3.704966680535831,-4.269797211529766
-2.1622364266975107,-2.36809941215742,-3.6915264678695454,-4.26820935083638
-2.1131166875204936,-2.3085206388421113,-3.6890194581879077,-4.266358512310175
-2.106775179032584,-2.2427751027391873,-3.6727047804033197,-4.17533913551438
-2.046066977792417,-2.2003062536884537,-3.619050660790482,-4.168576277520318
-2.0435872653506544,-2.140998794212166,-3.592819672999909,-4.088027468829859
-2.0286787655882326,-2.1090231176998437,-3.5183235809093665,-4.039605160212992
-1.987927891415183,-2.0855944777873563,-3.5157063335997667,-4.026420283090935
-1.9709755242573712,-2.0503679645102877,-3.4389963962982923,-4.012263058580279
-1.9396731961134572,-2.045857722204393,-3.4374032192763684,-3.9826799754974544
-1.9205926841573682,-2.0455754037865264,-3.4236431741547744,-3.9694416664529895
-1.9138254300726956,-2.025240445782778,-3.3359041719591747,-3.924902979133558
-1.9083225852957013,-1.9370137869380195,-3.2641807903165527,-3.8344838705449567
-1.9070897880214774,-1.9257511100430078,-3.2020646047539247,-3.8080855585040037
-1.8230377929859445,-1.9007154919015852,-3.174644917273441,-3.8047719734701064
-1.72099889542883,-1.8741247143485582,-3.162138428677603,-3.801570877659789
-1.6773027074561178,-1.7930408771783872,-3.1591189074891894,-3.8011370591792337
-1.5738281306906654,-1.7225567698455426,-3.1462248212063266,-3.774281773388327
-1.5695258428368608,-1.719392092707872,-3.109862949632775,-3.7719867597931893
-1.5522201272903122,-1.6453285418024666,-3.0932910267117686,-3.771115258149576
-1.5372599370984643,-1.6409252455284449,-3.0233897891701647,-3.7089530685157874
-1.525147774414712,-1.6150972324297928,-2.9265612175654803,-3.5353513149865345
-1.49597237612513,-1.591882277966557,-2.9121261617416905,-3.479220683840609
-1.4812371495693197,-1.5894171237315549,-2.9096311055733675,-3.4604547963181593
-1.4812229168735382,-1.5679569539843994,-2.9082117022635807,-3.4587036122427604
-1.3968321497250669,-1.5451705761094605,-2.8771829353659784,-3.445803156506402
-1.3513073022087219,-1.5332887995084812,-2.7002275707503998,-3.4206977647458747
-1.3411965644413142,-1.5124391168597762,-2.6985179481621153,-3.335040517678456
-1.3392367225798454,-1.4545140071154594,-2.673042087244726,-3.291253766480628
-1.2937810287534848,-1.4115780214110845,-2.6496751997660577,-3.2852354698953707
-1.28764224153664,-1.3939700079924529,-2.5661876909238983,-3.2517750799095446
-1.2744452631329983,-1.3921007571086474,-2.506473695085121,-3.232963175633683
-1.2699778091358644,-1.3786034228007524,-2.4732425097740838,-3.231611630765399
-1.2603291458344668,-1.3349308598578542,-2.4619112587585343,-3.2268916802040803
-1.2490451681905381,-1.323451996965642,-2.4598769143045156,-3.2134914274285746
-1.2360836643646846,-1.232758396619745,-2.437589606839645,-3.195842626944871
-1.230862021635252,-1.2247198747718018,-2.332776982989192,-3.1932918389726024
-1.2087906199457998,-1.2119890829608424,-2.3198644105752573,-3.1758257001501917
-1.2010584173252603,-1.1436971483652352,-2.3179662856390872,-3.175354550923747
-1.1869644349473807,-1.1266527236258346,-2.1393162803153407,-3.1744354253196554
-1.1354142220277512,-1.0831624514778952,-2.1292226590413854,-3.1169780709968418
-1.1239266452701482,-1.047314547537811,-2.0791011629447067,-3.056795145872057
-1.0595081852487294,-0.9764809039413956,-2.0276570785051176,-3.022924665020769
-1.05896766439137,-0.9758197198699861,-2.0226372497087652,-2.9227494714717728
-1.0436416896610927,-0.9599961175036199,-1.9535226315238086,-2.9176724869875805
-0.9865957852481018,-0.9442215716817816,-1.8618304703765394,-2.9114055311364244
-0.9683642291324173,-0.9129239398994633,-1.7794458012088281,-2.8977434990060393
-0.8187148955049695,-0.8746815211753354,-1.7394557297281954,-2.7229240790065017
-0.6661481652770784,-0.8686468362562523,-1.6316306864584649,-2.7078779313747985
-0.6546526120018283,-0.8422497076679838,-1.6267095565367107,-2.7009951071823055
-0.6441035170935496,-0.7500579356688293,-1.5474800401934607,-2.6192267686381037
-0.6334296265408295,-0.6849150256554287,-1.532389906452865,-2.589162928953183
-0.4486608730003183,-0.6403454602618706,-1.4564988951292526,-2.569186847831725
-0.44211343505683365,-0.567389110589145,-1.388473096658167,-2.562503532075093
-0.381600655016505,-0.5662934579472101,-1.3284318102920838,-2.562295101292664
-0.38153572198788227,-0.556249177491466,-1.3033757870059435,-2.5541826615768533
-0.3633008373474151,-0.48319689207699973,-1.3027176006414707,-2.5173752250003463
-0.35740217904348165,-0.427696638078661,-1.2022455676906252,-2.5104158107605095
-0.31871176247884414,-0.42132067833267794,-1.1910023761776034,-2.489944011084207
-0.30258015356532747,-0.4189153578768026,-1.1456993578736805,-2.480843191054416
-0.2797823521431506,-0.3675432455492877,-1.1227755932848003,-2.477433079285825
-0.25339561626771107,-0.34574941455095864,-0.9421753103989999,-2.461028240621484
-0.18586767352731334,-0.3338266838885867,-0.7654521624143367,-2.4601563679356655
-0.17715863591532185,-0.3061150547458155,-0.7031598625106441,-2.4471377098696085
-0.15421171644864815,-0.242672888521641,-0.6972317262066968,-2.444013891773728
-0.09648449515718271,-0.13473991377449457,-0.6621910668508255,-2.4341779758082134
-0.0794483514227471,-0.1240652507326092,-0.6489460511796592,-2.432203347537018
-0.07710190540839211,-0.1080565991740222,-0.6477120782130501,-2.4227514774784713
-0.06155114291760585,-0.09038055500576891,-0.6412986646728608,-2.4096730041133068
-0.02347663497727788,-0.05894958597662959,-0.6235695030114751,-2.3838184575898813
-0.004279959435978368,0.019819441870340168,-0.5446041692884082,-2.299342916421176
0.16707986462912247,0.03727570904573359,-0.5085027828680891,-2.2591726957433496
0.2043783588874892,0.039029182946027065,-0.47068155529570305,-2.2433008565394887
0.2301790707962474,0.10028922204584721,-0.4511691214784589,-2.2275226631126666
0.28705574747293283,0.1298268755858092,-0.2691933388869299,-2.2176246002839424
0.31049961966684736,0.1497432109645031,-0.24566495371393854,-2.2018157276654895
0.36817259832375204,0.19653039562410407,-0.16432881349942735,-2.1757305502327835
0.3778719438885657,0.21007803399021796,-0.11147625513753487,-2.169227113555695
0.4294992546602556,0.24082643628292957,0.015514897507819885,-2.152804807192667
0.48153363758306095,0.2771896906982797,0.13195094342651303,-2.1084338366899886
0.5798200412372234,0.33967576822781226,0.1604232539146477,-2.0099344017568916
0.5824028978127351,0.3471373511435156,0.2551652773201502,-1.9293490679535499
0.592230871580952,0.37968681491545064,0.3127697210556826,-1.9190788102267144
0.6338312502376114,0.39134312668133153,0.38305312398177316,-1.8666773626388544
0.6440379040687404,0.42488071750073414,0.4160965154660698,-1.8513409889648393
0.661863037257313,0.4535599156487904,0.5653000361262741,-1.8388987174470306
0.6746605088974615,0.4807722324062865,0.61791443693984,-1.81358549313647
0.6799282400488244,0.48583508195865077,0.6340673799568404,-1.7852172850364314
0.7881519594715803,0.48834261943860935,0.8007260561934946,-1.738918169887262
0.8817345120944141,0.5939961087389402,0.845657513886071,-1.7162652638392757
0.95231243016751,0.6274949168417409,0.8797918036373971,-1.7105739636940167
0.965873041372495,0.6439023561572176,0.9689724588377323,-1.708826648334978
0.9761090687872835,0.661500008191469,1.1330086338118623,-1.6740043940067006
0.9782698457596641,0.683832095263709,1.1352325531182836,-1.6708911565322233
1.028212964690751,0.689780187308509,1.1509462986527783,-1.6693238586600967
1.04052751778525,0.712577598607407,1.187600032610764,-1.6654196845790812
1.061953286553714,0.7346180871854292,1.242774396251298,-1.6642127295426177
1.0841070702845277,0.7445017196563319,1.2713680135935017,-1.6617349719566887
1.1141845622018463,0.7690426304210001,1.28784209018035,-1.6339350840813172
1.1507986799797814,0.7960193623499221,1.3409341842024554,-1.5833790648303558
1.2325825350574664,0.8001242696902013,1.4166246989444073,-1.5696837357978461
1.2829738566168658,0.823646141061358,1.4534878897666625,-1.5534638555722882
1.344532333944467,0.8366525768482674,1.494288122643269,-1.553006294862438
1.3501414458991179,0.9127758789137908,1.5899545861205624,-1.4756197482534272
1.3649876915540222,0.9386390626133352,1.6807184299557776,-1.4344905218820507
1.4010598327492383,0.9463612055280657,1.8067146373829663,-1.4152549708416426
1.4475084137597394,0.9745583207477397,1.8251387600245939,-1.3987307237432751
1.5111482163110725,0.9822921152724624,1.8260833796787321,-1.3917137516440634
1.5160970098910282,1.0084498337670187,1.8294873837482184,-1.374675904965415
1.5637772643273373,1.0110807303740412,1.8430381344942395,-1.3446532162079574
1.592571783283143,1.0310990921242815,1.8543960517908065,-1.33591708890576
1.6198959413619385,1.0861852203086628,1.9053809717252823,-1.3299245166709572
1.6209704433823329,1.0892744332134694,1.9131823728503772,-1.3140499037273614
1.6259583741786474,1.1406383361117194,1.930052318067664,-1.3110430659937315
1.6776347159168494,1.190857968654259,1.9783415988776474,-1.266780942966699
1.7084912964466235,1.218106294367314,1.9787764495024582,-1.1609702474511343
1.731637571840322,1.2183531891223653,2.00416342473661,-1.1508523534457684
1.7388496182788005,1.2505586673636857,2.1270323421973973,-1.1303539964172677
1.7408137309400329,1.2682836928252548,2.129851809350522,-1.0444660332712654
1.794321922269986,1.2702477106569579,2.1725706385194217,-1.0101067580936804
1.7974923365868625,1.2986775630628928,2.2131761394361855,-0.9449765430220265
1.8002459312126704,1.4602730049331991,2.257235045980279,-0.8840996275534199
1.8393741403912311,1.481172797925189,2.2956369142313533,-0.8587921144546016
1.8526798545421885,1.5578645292028956,2.3885641948146725,-0.826892687211197
2.0038733322524074,1.6169946069758323,2.509302180199664,-0.8016561534460487
2.020332216681945,1.6222981175497753,2.5261104882227006,-0.7938880311890882
2.0260455178996466,1.6927482652461847,2.52960618642816,-0.5810861979207752
2.0333759018058375,1.810542859176105,2.5580979759910893,-0.5185797655736863
2.0500924616836578,1.828240581425791,2.6376870677057376,-0.5023252813631189
2.0901809815842936,1.8616298301673406,2.658321850603391,-0.4119648943827208
2.1608045203980355,1.8759525872530207,2.716515920709205,-0.34618467016402116
2.170790135699773,1.8980947674933792,2.8561897082560774,-0.32077596059274505
2.1753129384903227,1.9181105061701509,2.8951691345483703,-0.28669288004589555
2.253979773815296,1.9206106085713956,2.9259662884414968,-0.2654272223399346
2.275816862644292,1.929805447482713,2.9408495506003565,-0.2537892729078274
2.4177051223778663,1.9804132135494488,2.945610579789921,-0.2520338481274621
2.43142807746496,2.001122796579744,2.952794331130864,-0.18516477114265237
2.469195141229393,2.060560518244192,2.9928694244085374,-0.16622335838740218
2.6181798298845393,2.123968113827406,3.00718400744206,-0.155964766508007
2.661384608137726,2.181694788080089,3.0480280477036015,-0.12703048644777087
2.665150438963952,2.2295312118406025,3.1029994433960044,-0.12389639475566938
2.6788127110596474,2.251752984777588,3.125584652139862,-0.08415901848175757
2.758898927807386,2.3197113539707668,3.132976461075272,-0.07771991596807068
2.8339761314907,2.3250089737295463,3.211604294637898,-0.039243689825060074
2.8578436354411707,2.36250050785889,3.2594564700558486,-0.026189721857579947
2.9661235285755994,2.3997550901726385,3.4734641506703134,-0.017294494856922832
3.016638082001235,2.412882139684554,3.5493330098777616,0.02043845284671143
3.022990905738841,2.4314645037861222,3.6143607786023146,0.06663878809466606
3.076621080346051,2.4370957870514935,3.6439285084166526,0.07644656907534117
3.0877833644422754,2.4468618647093203,3.7197055378927244,0.12983972931995447
3.0956796973965295,2.452978742953683,3.9270753312970106,0.20805234322569405
3.147817473012789,2.4732890278203397,3.9469336059976508,0.2145902243200036
3.1879644168947,2.4840543899341343,3.967797521060017,0.29721108711995053
3.22258131921033,2.4888087539711266,3.9887350238343595,0.3669852972738129
3.229976079836667,2.5619263873187377,4.011443340526094,0.424839029233415
3.26355177942893,2.5666653783754825,4.028234121451808,0.4294397357017738
3.2958637441657226,2.5882676092942436,4.042188958018016,0.522782413449846
3.3027955568779124,2.6556660921264816,4.106639897194516,0.5452854789744974
3.310689350845981,2.680552123758828,4.143907611858841,0.5468006682777525
3.359826237628189,2.7133463579382306,4.252132154356617,0.6535987532480275
3.406837519770775,2.7293619480777984,4.258658294853051,0.8372168538969313
3.4084653416295274,2.735169335809564,4.578372464792525,0.8689485641190798
3.4377151161607737,2.7579192105849817,4.624167558381882,0.8837871954717655
3.4902005137416774,2.8295011506332,4.631732547471713,0.885808660798141
3.5015329992586812,2.8402036841679528,4.644026382462289,0.8937368655245475
3.5032703786093706,2.8475709639425766,4.651275513576563,0.9118490301929015
3.515861023508127,2.855377532374619,4.666341136841334,0.9635300627998593
3.5427818698619533,2.8918553954125454,4.689181591956436,0.972078444041327
3.559492133316124,2.9523798438540654,4.77751597404477,0.9725223265425778
3.692100009482263,2.970100439081524,4.850703753645481,0.9950066251047678
3.6948146457569964,2.9919781506706356,4.951322141634542,1.095803514805971
3.7188130167527698,3.0745097514877884,5.00008824017632,1.103533976370429
3.7230349408049364,3.087261494896418,5.046137521432655,1.1105949161673756
3.8176965238347838,3.191761056407917,5.071241052620472,1.1121947955641716
3.938205165757964,3.2087557299830145,5.182554320888966,1.2116796114288952
3.9590639102437954,3.3561184544313494,5.190079213211819,1.2923855426751696
3.984357671227305,3.5774160233517867,5.1916305702843735,1.3300226676469549
4.02487902840371,3.5775513334803266,5.195109586541507,1.4416088952105182
4.130012285362726,3.602556208147303,5.2146826526944405,1.6079010260900857
4.159533497272904,3.606842210170758,5.294602334586969,1.7115295590441482
4.159565219578404,3.7044766770229973,5.304971938611494,1.7825267357001886
4.164491363973406,3.7389977876189393,5.430389283584446,1.8066132948523976
4.188730498144694,3.7682920211558435,5.4511616267098,1.86894130023032
4.319374593304935,3.795746219762523,5.469095447487816,1.956881513169837
4.39148889596883,3.8523101992176385,5.496028504486416,1.9816730347059133
4.404836172553029,3.852842594382109,5.619823085127068,1.983112538573626
4.458835916495173,3.952420540989812,5.808846025912665,1.9832821350326468
4.487568318062263,3.986060189533787,5.8207890516372105,1.9945404553587631
4.49571284265566,3.990591445367882,5.90268196403917,2.138343184418167
4.541874513964182,4.017816254751357,5.947582770248432,2.242556693577129
4.578691784878855,4.029626042899258,5.949174847484611,2.277269352369005
4.584218270615412,4.042395004395116,5.954940603938706,2.3558162410520374
4.716572161775709,4.165471811575756,6.024102219836669,2.405772002983257
4.737622530839691,4.215417654286861,6.0703839986828765,2.414688988635502
4.7411435889449125,4.222552498864584,6.15557403874718,2.455048852737743
4.7549864273305875,4.350612631938961,6.310331821578997,2.498226683319384
4.816141017161079,4.362428073216856,6.403307323914617,2.5491009228349846
4.816601573044591,4.450951852325532,6.419058599987066,2.6327919349919955
4.8286912743185955,4.456144977561254,6.609161430382161,2.7152746701445363
4.840464020493518,4.457397398113182,6.609194674713215,2.757572905857199
4.91527240822206,4.469403200114465,6.610519067557532,2.7597158810329665
4.93442592400426,4.581889803766175,6.670699965184404,2.7913463449537113
4.953245190482049,4.596257170935663,6.695315044670256,2.82554285754675
4.962298243313705,4.63485791928226,6.784301299265746,2.8465424099029297
4.970909949228679,4.658083086521334,6.7868826091353815,3.0026918274289596
5.004638384950795,4.696689287752571,6.928441825175086,3.015701500422714
5.0115793124300385,4.714267204256028,7.039110930612643,3.0195371751088613
5.023931631165692,4.726011966233305,7.049672106412906,3.043904783669059
5.052883741842579,4.766146278962573,7.077212987430771,3.1292779366439634
5.092094835672867,4.885511870286183,7.129343875679666,3.166923848337629
5.116871647734584,4.961627235861835,7.134045417794299,3.179546398739964
5.152475660467404,5.0357720603880765,7.147341013163176,3.325875202898474
5.164278597710561,5.078489424151769,7.158424670144531,3.3490225310821033
5.219689572163163,5.163767307211149,7.2180840694477695,3.3523238482215056
5.276799517476628,5.2271334514168455,7.306813958025539,3.3962083323523347
5.310589723713502,5.238302433190116,7.329804084592103,3.4271777423118843
5.346973667211374,5.352269906306361,7.335933878157832,3.4968958489359867
5.352993377024323,5.3749931807489535,7.3360622933840975,3.5635088144215477
5.51182313086608,5.429273586048656,7.414264017270051,3.584145724194544
5.547215628616506,5.4323379783958705,7.482396152547408,3.6408031586749985
5.588245857454569,5.506173562260109,7.518521958557315,3.7108147806090113
5.615601185715191,5.6013598578096415,7.523242581749949,3.71644904790823
5.698537063874819,5.633132491739705,7.523909494104494,3.7673548455565777
5.703725214047591,5.659820026536899,7.525753766161465,3.8031182174704625
5.801057599005831,5.736749486143368,7.531039044447089,3.834187233452531
5.808659400205097,5.746718257678327,7.565459276139215,3.8566256664257352
5.882734583131683,5.772671624652017,7.588919859002042,3.900692547443836
5.9361011686856955,5.8240211625558205,7.62981113158944,3.9907647594087736
5.96849397002703,5.91799407676849,7.663303745174504,4.026857091879052
5.97324688127221,6.029440448068484,7.785178268407127,4.046653357502324
5.974809554832952,6.034316342521285,7.79917384059226,4.061501493757705
6.010989845923831,6.053730533120455,7.916264868870421,4.0830120247441855
6.035166887460407,6.141608998265074,7.952769033341651,4.115271420693109
6.100774048880094,6.1792487547021215,8.101410902746633,4.36986540955434
6.145430118543094,6.211941438488406,8.13930392926179,4.373660705622794
6.156182031272813,6.218863044829355,8.264538407278657,4.476053382583065
6.157737494928936,6.223132960708806,8.368877574560628,4.503659399711035
6.1756062751684135,6.23527185547312,8.4273129345261,4.513907864139181
6.257132257833307,6.283866436956843,8.430876156842576,4.547102597093063
6.355461489303056,6.2883270871968335,8.43275981414722,4.593007379973611
6.404628874733063,6.290878408906547,8.45059208586752,4.631653931468377
6.429156162684775,6.296302543475459,8.468888676056462,4.799076650516011
6.453351482786768,6.3052897118453375,8.54559976404008,4.8331918365513395
6.463021632987443,6.339881645464558,8.637601576998438,4.862493712496947
6.6005513759381715,6.526046738981267,8.6570381435704,4.865490745684099
6.62089354884788,6.57718615843565,8.731638427501352,4.899554514332453
6.623941724861897,6.600202178556465,8.734814633110942,4.90789840575977
6.644875330681916,6.603098584077141,8.895288520954924,4.921103092010256
6.705134847180587,6.614736932395483,8.988933734339657,4.932902017597226
6.749141919818412,6.625867647652165,9.070635423928396,5.024211123001496
6.803419990689502,6.627317123804471,9.249267027927242,5.033743817130009
6.807130531061562,6.781726395808947,9.291889270224418,5.091198127742916
6.863215609699774,6.797409574678573,9.434209761622235,5.140470761305855
6.87627594824388,6.816380756301511,9.490057656913887,5.160723880066401
6.8779210742029395,6.82517434670258,9.528476122942239,5.196877587541852
6.878168031845279,6.860435483262996,9.616924274682448,5.4224554400791725
7.013954193781112,6.908325807023909,9.639071499128361,5.429126359796381
7.022035424633094,6.940523613335822,9.677094831077751,5.520911901176328
7.093776089692092,6.942547088089688,9.695057442698783,5.527009900432481
7.10892938943026,6.961043234603176,9.737039884074544,5.57214851285406
7.162892644055573,7.00911367121231,9.897048499352927,5.63296532358748
7.297704618681765,7.06650691469994,9.964260305334177,5.713372158972701
7.362114921744394,7.120659220387307,10.008884048116911,5.808649081009245
7.377071710803785,7.13209475756671,10.094496453460186,5.825884839689434
7.433400009642998,7.185140171218779,10.104848280534712,6.079608161915848
7.481290729687632,7.191137539647741,10.247297655679999,6.122847288504518
7.542161110544344,7.194506071857289,10.268826811739832,6.125174438110951
7.547143411090844,7.209265993111216,10.320029138396498,6.249225836234386
7.575912654498983,7.2148525540076545,10.323413172107049,6.260942281416416
7.597826004587227,7.274067187071109,10.34348254698062,6.275566030541454
7.606370327260253,7.282624126151823,10.357983099020814,6.281962581675549
7.64577373266108,7.597950412467992,10.359547573572272,6.3648096042291025
7.649940388602108,7.790536400848409,10.41836594798218,6.391949221936402
7.667875537125428,7.807901823635575,10.448423311355555,6.4442921992881255
7.668127995825063,7.821763304237467,10.459177013015086,6.597856506723263
7.71193843193199,7.8749241434117945,10.469733979580312,6.6040222273314075
7.780888265168978,7.875398832910698,10.47751618439133,6.761557145582087
7.882476046076537,7.973863399158682,10.629215271189675,6.763008760882333
7.897868584687844,8.059215884005571,10.695083147041364,6.784618084269411
7.937609019468541,8.190338248412397,10.699178043849717,6.911969873625942
8.067511479783052,8.217673594671734,10.765374780806194,6.971707483747926
8.11750504620197,8.226553106112505,10.782479953295914,7.036149972718329
8.16516868011634,8.38837411314102,10.796684074934845,7.066824856833673
8.27468094174992,8.430463432059415,10.813210487542,7.078612520699526
8.304788236491277,8.548321462832845,10.885519543671208,7.115677883354393
8.393286390040304,8.602095954877008,10.900838006284662,7.178738164628367
8.42275071401657,8.633068250126396,10.924750392950479,7.214694274461882
8.43197140021815,8.6556970827807,10.947922679512827,7.266866501590346
8.564218538406902,8.684795351702533,10.94868952186576,7.362352394047905
8.646432679212708,8.691588131075141,10.96603815455225,7.406208123408062
8.69163483366256,8.734082448157274,11.107263771853965,7.530204575308894
8.709959049296724,8.74204009791561,11.118964676840639,7.567920100123526
8.720184488603877,8.900340384620854,11.119951030979031,7.57838096429488
8.737541765467892,9.250950803166775,11.170269536697202,7.653246155625251
8.779741520852799,9.333202003668742,11.262444058331326,7.7006387534174
8.803969368464156,9.436833781623548,11.286347918227568,7.707910634157848
8.986061668334461,9.57565386699055,11.368645201136761,7.82033683007283
9.133996596896974,9.611115026103109,11.373372874185215,7.83766025861829
9.197475667687616,9.623358713069369,11.407114540091046,7.843651564000432
9.21528157379375,9.718944722772278,11.47612090681206,7.851985253934717
9.266858983854583,9.741829311180746,11.492238940547683,7.890655564757863
9.286935983788178,9.86182115058073,11.497942027595972,7.98279573874809
9.321089213113915,9.866983405874166,11.547102292434928,8.082202408095824
9.338573980371866,9.92049830918234,11.617605845418627,8.104133301372071
9.42667203234355,10.059257343744921,11.674946307819296,8.216252667141763
9.499378324556316,10.118320109242518,11.715642877981864,8.399669818368833
9.518500034542207,10.1658005072123,11.839285221391567,8.446076738254934
9.564669386996464,10.189488426613856,11.841309845851644,8.646240758844884
9.56641540564063,10.236828080088396,11.87233056911679,8.693355255576607
9.576604833275354,10.265556703375493,11.926998613147436,8.72547783667039
9.716131503270663,10.318291461208082,11.960985468056737,8.791363350268899
9.73977899279155,10.32365940766799,12.037786437233567,8.851316271526743
9.879888399018466,10.539171012467246,12.161697964741812,8.88838760010508
9.986218158474955,10.605690309478346,12.210904318539573,8.939905463643838
10.00340995300321,10.610218050378242,12.232820470576176,9.09588523469523
10.018122268887382,10.618937879559345,12.243642695719377,9.129778018603641
10.076469045173964,10.692393197164652,12.298424684315227,9.256897937441847
10.137335087439972,10.83968207592889,12.312337714606905,9.304032221285311
10.170577994588372,10.84762857460518,12.340847905302967,9.312994770949404
10.320443126161356,10.87696710708191,12.384110377461791,9.32654525093716
10.444022131329032,10.95820861643713,12.494025872042977,9.382975985653864
10.5151891963448,10.981485305282328,12.494627909255033,9.635445442657371
10.61718614769317,11.166691987408049,12.52241848452275,9.781882264999698
10.730754161068166,11.19931520385026,12.551316413840992,9.858408825104428
10.866389223177706,11.202236879108067,12.61873763573361,9.924034164711944
10.94653356454131,11.246717367844719,12.732582448747344,9.957504146917719
11.296629146194338,11.25049898796851,12.785580713285551,10.170061985857416
11.471427436431812,11.283095499149752,12.809399773720605,10.182877356101885
11.693190665637228,11.307339079983365,12.823745811862556,10.290106594366964
11.793226557759107,11.342983637625903,12.864001430189713,10.48493435782751
12.018118691646212,11.448416097230329,12.915833514312249,10.663818921400022
12.0749257320331,11.454076392005646,13.034770981925426,10.722593338680763
12.126863611257805,11.456797730855492,13.042815470374231,10.776344397437098
12.136965265021129,11.658514374816837,13.166910958490742,10.870440025811337
12.194396030486576,11.659903788094416,13.179507409609188,11.336052012067913
12.210196511841387,11.803285324058573,13.187009393016345,11.349105809840896
12.225322660684592,11.953660463257318,13.189380227962634,11.40151205096289
12.236558415939838,12.038206625685463,13.21385424281978,11.775048134637075
12.247134828928921,12.124247753990861,13.223885797617374,11.78671519383614
12.33462901966854,12.142001814856172,13.258395013593926,12.147367502846913
12.36090805024212,12.286539700923832,13.283219534593112,12.458715547841113
12.396591077447468,12.388240274648743,13.317190136095418,12.681436579206553
12.451909202471409,12.472866775632314,13.317590158769113,12.754441101490839
12.572662211026804,12.501563675356895,13.406488811461518,12.80917726575581
12.63947451869967,12.502484873993227,13.538205692850465,12.94656970103474
12.743364704480946,12.572978127537889,13.541612718194209,13.013709212891003
12.816307409863512,12.631940020739187,13.54974744906081,13.083352997261526
12.86193391237888,12.647413037114813,13.712511117537945,13.126160651269526
12.944971455219482,12.896860949731595,13.811188634975366,13.213317378504891
12.981356032474192,12.955086869619976,13.812977388624727,13.26416384746248
13.0117781833298,13.045964249623584,13.879350930056871,13.29293658846462
13.024513933283577,13.185507905221723,13.97627484847903,13.293555821033925
13.078742270003916,13.208923735128499,14.03329673444967,13.43057612210046
13.127252779328147,13.224833961840394,14.058855152274234,13.61305655040047
13.19430162941854,13.255262548223882,14.062855258024483,13.966489670847945
13.346202198450612,13.284268533709513,14.148180163860811,14.042889693122673
13.494194544266119,13.350005146855242,14.176272893247868,14.118094382749117
13.498561821150739,13.383601634595163,14.211198502391582,14.149870309419871
13.564996923517986,13.401696920709663,14.305517765383172,14.15990918291839
13.629425712006906,13.518529207062109,14.320933755692646,14.427365202027392
13.681206622481595,13.607593427013622,14.345006851658846,14.636075513471196
13.715103264652278,13.724725337752751,14.382880862852547,14.759011455796
13.733033275761827,13.766341237777347,14.38986826780682,15.641140843348412
13.772636835827655,13.944288320336346,14.55993203163935,15.978795603135843
13.922392323771051,13.987546188684735,14.624842260019266,16.225687901852986
14.108286442467378,13.998213450759796,14.697224424239243,16.486426412082558
14.501497654344409,14.06055795266137,14.706832000594822,16.495957277773307
14.703679397909555,14.079758755696737,14.822126185450792,16.711746948966304
14.73916363551228,14.144272149973522,14.850931941599281,16.73972333679802
14.809526133329253,14.252083787601936,14.924348383237376,16.911319967414006
14.918756234707935,14.276464977707805,14.9464409943014,16.973701328875052
15.133530732062068,14.286235270785049,14.970799991804748,17.590387542235042
15.373027925933389,14.433157051472037,14.995863598694669,17.645051444106965
15.432844831277112,14.647329822187157,15.032826429660064,18.026043247856062
15.449071922740877,14.670057081325886,15.060545475045569,18.18296980466755
15.511146964642133,14.713321041346063,15.104582938027068,18.23705815406698
15.81732494575553,14.84283465527154,15.107534642363829,18.2433601066145
15.83301178300286,15.070160850246443,15.245216702639135,18.495076067697575
15.86692669214504,15.077716987988135,15.32903960658209,18.9542833428294
16.054159243958807,15.26434793776245,15.355479779051532,19.1100899400891
16.080373796343686,15.430300001399537,15.391583692918429,19.15816785347176
16.132194787328384,15.455333838456927,15.459310572431164,19.488616938421416
16.229169880369557,15.678961815733317,15.553248539214728,19.904618451286385
16.289630838668685,15.702509005575884,15.599897205919236,20.08099355871917
16.471295614511106,15.874934419739104,15.638706681296899,20.340217600613197
16.782405376429864,15.879307610593242,15.683311639896267,21.272605965417046
16.85329181195864,15.939094727333146,15.727052123161236,21.275563184143166
17.02847454932416,16.222124001972478,15.742739173075472,21.895370197682603
17.41642195002411,16.230575878573706,15.774845893502402,22.042505944104835
17.662427642865048,16.27207454470061,15.875018068763445,22.047871685328655
17.745420573504468,16.29553700635808,15.887920157636934,22.06109049911149
17.997592078744844,16.8171000741362,15.922745681524539,22.093032121869378
18.227591658917916,17.133823803259357,15.97885805020524,22.309910867472617
18.268590037571116,17.18064301078518,16.000736776838412,22.372335250651417
18.31857928141822,17.398157701640162,16.113637015046315,22.67091695511869
18.41707867799618,17.45012341358994,16.317772010195654,23.022800006000438
18.704092763681807,18.0064684349508,16.527870685208057,23.09993032386725
18.930576306565197,18.251407928183593,16.629301743968924,23.15058459509938
19.042440001175567,18.36191664858592,16.647865747406502,23.806353204182553
19.05729251683712,18.38582082643475,16.6491338007305,24.268296008569898
19.214805671149858,18.770888945892526,16.666276760486706,24.32535217289765
19.505303214130777,18.97103632636221,16.67134036983468,24.400194671916626
19.668464272807626,19.090802757422747,16.697027956489148,25.194421727072402
20.5542621830347,19.766267194810535,16.85145637714811,26.016095343457085
20.817508044546184,19.845308222431576,16.876173528291087,26.35279618050742
20.84053909912999,20.139850602179436,16.903512467237878,26.550381500182198
21.146752183167557,20.617365323569526,17.044763625157195,27.27378226903687
21.555211129996678,21.084347584738616,17.051920059705946,27.440272511943093
21.79363748703804,21.49815511254306,17.146417348916486,28.23642628576716
22.17291969830565,21.67925684424076,17.203093112623378,29.081473140405155
22.238739346390815,21.697074240424534,17.323909833546022,29.85491708417232
22.475496356661083,23.918285052880194,17.352393964062397,32.25808947610551
22.801465452926056,24.306062935889905,17.363813735775892,33.42332026755634
23.091846696293437,24.880828242332278,17.410710350051197,36.42551432465487
23.417321723211806,25.2824600792268,17.42969353201003,36.54509265108937
24.521217093238278,26.176464988854118,17.454743764441577,37.163120185362246
24.993374446362555,27.32725010968265,17.51678109233227,41.51646633224602
25.623721991243702,27.650382091327366,17.534395968760105,42.64992221624614
26.386865352532354,28.904206867147295,17.549507663706684,43.567164355129606
31.77671276500459,36.9005944339861,17.62022063159413,46.388839271506754
